,bmc_W,bmc_W,pkg_W,pkg_W,sumcore_W,sumcore_W,uncore_W,uncore_W,nonpkg_W,nonpkg_W,cas_GBs,cas_GBs,mbm_GBs,mbm_GBs,hsmp_ddr_GBs,hsmp_ddr_GBs,act_M,act_M,ginstr,ginstr
,mean,std,mean,std,mean,std,mean,std,mean,std,mean,std,mean,std,mean,std,mean,std,mean,std
config,,,,,,,,,,,,,,,,,,,,
burn32,301.821,0.232,171.705,0.582,88.413,0.118,83.292,0.464,130.115,0.408,0.269,0.006,0.286,0.007,0.635,0.422,2.593,0.07,112.703,0.021
burn64,331.269,0.655,197.751,0.713,117.506,0.188,80.245,0.754,133.518,1.128,0.359,0.097,0.373,0.089,1.397,0.76,3.54,1.046,150.356,0.291
burn8,244.487,0.758,117.538,0.456,30.388,0.236,87.15,0.296,126.949,0.796,0.283,0.061,,,0.321,0.135,2.763,0.68,28.928,0.12
idle,225.167,1.233,98.695,0.708,10.314,0.368,88.381,0.527,126.472,0.819,0.231,0.012,0.248,0.012,0.442,0.251,2.208,0.132,0.843,0.005
matrix32,387.583,0.289,247.737,0.354,178.406,0.404,69.331,0.468,139.846,0.53,0.416,0.022,0.435,0.022,0.16,0.056,4.204,0.25,211.096,0.248
meml3_32,327.269,1.437,191.415,0.627,101.067,0.034,90.348,0.661,135.855,0.828,6.215,1.877,3.05,0.482,3.224,0.689,84.009,30.667,137.51,0.666
memrand16,257.378,0.375,122.478,0.58,35.404,0.347,87.074,0.784,134.901,0.597,18.918,0.05,,,18.577,0.402,293.558,0.522,15.085,0.227
memrand32,289.019,0.302,146.075,0.982,58.593,0.144,87.482,0.87,142.944,0.796,37.628,0.028,37.176,0.032,37.199,0.139,585.963,0.325,29.127,0.044
memrand4,233.526,0.669,104.461,0.154,16.588,0.064,87.873,0.182,129.065,0.621,4.962,0.007,,,5.173,0.077,75.978,0.062,4.554,0.001
memrand64,317.25,0.542,167.033,0.578,67.725,0.06,99.308,0.636,150.217,0.169,66.686,0.056,66.202,0.006,66.346,0.403,1039.699,0.819,49.197,0.124
memseq32,339.577,0.468,190.359,0.409,92.404,0.03,97.955,0.389,149.218,0.706,85.165,0.042,84.653,0.063,85.955,1.84,689.62,0.68,165.053,0.309
memseq8,256.821,2.918,122.855,1.127,31.314,0.469,91.541,1.378,133.965,1.962,35.449,12.124,,,35.436,12.358,370.552,170.418,41.178,0.613
mix_burn32_mem32,343.167,0.81,196.528,0.269,96.131,0.295,100.397,0.454,146.639,0.712,35.988,0.02,35.529,0.024,35.737,0.49,560.508,0.295,139.275,0.086
stream32,381.359,0.161,205.345,0.518,81.37,0.018,123.975,0.534,176.014,0.499,321.096,0.495,319.145,0.354,317.295,0.319,3492.138,3.267,61.032,0.096
