level,target,model,n,r2,cv_r2,cv_rmse_W,coef
per-second,bmc_W,pkg,546,0.9557522716890409,0.9374235175518488,12.788320232661446,b0=114 pkg_W=1.16
per-second,bmc_W,sumcore,546,0.7924314413546429,0.7067587116138946,27.68346763218767,b0=229 sumcore_W=1.03
per-second,bmc_W,hsmp,546,0.9561793190802984,0.9381133748657777,12.71763420889784,b0=115 hsmp_W=1.18
per-second,bmc_W,core+uncore,546,0.9915704782304053,0.9828874367174838,6.687525685024843,b0=42.3 sumcore_W=1.15 uncore_W=1.96
per-second,bmc_W,core+uncore+umc,546,0.9986328801477625,0.990676562059016,4.936236643821779,b0=121 sumcore_W=1.08 uncore_W=1.06 rd_GBs=-0.0055 wr_GBs=-0.278 act_M=0.0232
per-second,bmc_W,core+uncore+umc+pmc,546,0.9988323366411689,0.9958124022852455,3.3081897105042426,b0=141 sumcore_W=0.948 uncore_W=0.839 rd_GBs=-0.195 wr_GBs=-0.473 act_M=0.0445 ginstr=0.102 gcyc=-0.019
per-second,bmc_W,pkg+mbm,390,0.990839023331276,0.9297127091950934,11.723564503077291,b0=123 pkg_W=1.07 mbm_GBs=0.129
per-second,bmc_W,pkg+cas,546,0.9942523653879388,0.964385809841557,9.64760393708563,b0=120 pkg_W=1.08 cas_GBs=0.129
per-second,bmc_W,pmc only,546,0.9881229551818906,0.969768198405231,8.888734694183762,b0=228 ginstr=0.737 gcyc=-0.041 fill_GBs=2.24
per-second,nonpkg_W,sumcore,546,0.09476875429251563,-0.190392938717026,13.868832681397219,b0=133 sumcore_W=0.0885
per-second,nonpkg_W,hsmp,546,0.28529233016403965,-0.010316007733153665,12.776837012468725,b0=114 hsmp_W=0.161
per-second,nonpkg_W,core+uncore,546,0.863658106822506,0.7232157008629363,6.687525685024768,b0=42.3 sumcore_W=0.145 uncore_W=0.955
per-second,nonpkg_W,core+uncore+umc,546,0.9778877480894671,0.8491996088815051,4.936236643821974,b0=121 sumcore_W=0.0798 uncore_W=0.0557 rd_GBs=-0.0055 wr_GBs=-0.278 act_M=0.0232
per-second,nonpkg_W,core+uncore+umc+pmc,546,0.9811138238575676,0.9322683995722276,3.308189710504278,b0=141 sumcore_W=-0.052 uncore_W=-0.161 rd_GBs=-0.195 wr_GBs=-0.473 act_M=0.0445 ginstr=0.102 gcyc=-0.019
per-second,nonpkg_W,pmc only,546,0.916518189945718,0.8428870720318933,5.038493455744673,b0=128 ginstr=0.0923 gcyc=-0.0294 fill_GBs=0.916
per-run mean,bmc_W,pkg,42,0.9564236729009684,0.938079368709601,12.716765945498974,b0=114 pkg_W=1.16
per-run mean,bmc_W,sumcore,42,0.7929500867211634,0.7072211320336415,27.652146813394207,b0=229 sumcore_W=1.03
per-run mean,bmc_W,hsmp,42,0.9568226599390526,0.9387420772412058,12.64853198579076,b0=115 hsmp_W=1.18
per-run mean,bmc_W,core+uncore,42,0.9923603343621044,0.9836928046974531,6.526023399733013,b0=42.1 sumcore_W=1.15 uncore_W=1.96
per-run mean,bmc_W,core+uncore+umc,42,0.9993292649664804,0.9914062125541387,4.7375225953794615,b0=120 sumcore_W=1.08 uncore_W=1.06 rd_GBs=-0.0059 wr_GBs=-0.278 act_M=0.0231
per-run mean,bmc_W,core+uncore+umc+pmc,42,0.9995177462568681,0.9958850713623664,3.278235465350144,b0=139 sumcore_W=0.959 uncore_W=0.864 rd_GBs=-0.186 wr_GBs=-0.465 act_M=0.0434 ginstr=0.0947 gcyc=-0.019
per-run mean,bmc_W,pkg+mbm,30,0.9916684705616252,0.9304673430856281,11.655598775847187,b0=123 pkg_W=1.07 mbm_GBs=0.129
per-run mean,bmc_W,pkg+cas,42,0.9949467026894779,0.9650553484050346,9.553210511050848,b0=120 pkg_W=1.08 cas_GBs=0.129
per-run mean,bmc_W,pmc only,42,0.9888038652181508,0.9704311497908356,8.787719965686561,b0=228 ginstr=0.737 gcyc=-0.041 fill_GBs=2.24
per-run mean,nonpkg_W,sumcore,42,0.09582673949002751,-0.19253057850637245,13.803574272542193,b0=133 sumcore_W=0.0885
per-run mean,nonpkg_W,hsmp,42,0.2886085602437266,-0.010366637390507805,12.705632602257282,b0=114 hsmp_W=0.161
per-run mean,nonpkg_W,core+uncore,42,0.8751240677865244,0.7334469449694898,6.526023399732961,b0=42.1 sumcore_W=0.146 uncore_W=0.957
per-run mean,nonpkg_W,core+uncore+umc,42,0.9890363444489613,0.8595282477778664,4.737522595379579,b0=120 sumcore_W=0.0801 uncore_W=0.0608 rd_GBs=-0.0059 wr_GBs=-0.278 act_M=0.0231
per-run mean,nonpkg_W,core+uncore+umc+pmc,42,0.9921172092351379,0.9327384765286678,3.2782354653502073,b0=139 sumcore_W=-0.0405 uncore_W=-0.136 rd_GBs=-0.186 wr_GBs=-0.465 act_M=0.0434 ginstr=0.0947 gcyc=-0.019
per-run mean,nonpkg_W,pmc only,42,0.9268935699594709,0.8524009405445819,4.856222641435066,b0=128 ginstr=0.0923 gcyc=-0.0294 fill_GBs=0.916
