rep,workload,n,secs,pkg_W,sumcore_W,sum64_W,uncore_W,hsmp_W,bmc_W,bmc_n,ddr_GBs,busy_mhz,throughput
0,burn,1,12.011,100.10324633956111,12.58052457687571,25.16094525010474,87.5227217626854,97.65225833333334,227.25,48,0.525,3799.9996790075083,315.572
0,mem,16,12.01,120.40540013047575,34.93749712216468,69.87383053723617,85.46790300831107,117.44311666666667,254.72916666666666,48,18.833333333333332,3799.999940472033,110.333
0,mem,8,12.01,109.07560826754282,22.92106343367465,45.841822962547276,86.15454483386816,106.40558333333334,240.16666666666666,48,9.708333333333334,3799.9998904786294,55.621
0,burn,32,12.012,168.67142978451332,86.31576705727997,172.63285497357614,82.35566272723337,164.598625,299.9166666666667,48,0.5666666666666667,3799.9999389643026,10094.09
0,mem,32,12.012,143.8371447737986,58.28688467543357,116.57348105568485,85.55026009836502,140.31920833333334,286.75,48,37.80833333333333,3799.9999328769773,221.278
0,burn,4,12.011,107.41311051356209,19.863568627699127,39.7268847272863,87.54954188586295,104.7933,232.25,48,0.5083333333333333,3799.9999967198946,1262.652
0,burn,8,12.011,115.46531365043303,29.462500285149623,58.925134028648834,86.00281336528342,112.63734166666667,242.0,48,0.4083333333333333,3799.9999312330665,2525.035
0,mem,1,12.011,98.25155490592968,11.098221665844088,22.196404034429726,87.1533332400856,95.83525,225.0,48,1.6916666666666667,3799.999730990161,7.52
0,mem,4,12.011,102.3924256623187,15.855517662942123,31.71174175365261,86.53690799937658,99.88681666666666,230.39583333333334,48,5.416666666666667,3799.9998782680614,28.786
0,burn,16,12.011,132.6652480338627,48.64095718374871,97.28338162296455,84.02429085011397,129.42783333333333,260.2916666666667,48,0.475,3799.999996216472,5048.295
0,idle,0,12.011,96.62755363864994,9.502986141267426,19.006796909758393,87.12456749738251,94.25061666666667,223.125,48,0.4166666666666667,0,0
0,mem,64,12.014,164.72253273291125,67.4409896194054,134.8847921879319,97.28154311350586,160.79664999999997,315.4166666666667,48,66.175,3799.998808095855,377.954
0,burn,64,12.012,195.30699464838202,117.34912079372275,234.711623754241,77.95787385465928,190.63259166666666,327.9583333333333,48,0.38333333333333336,3799.987320249931,13450.530999999999
1,mem,4,12.011,103.79044401022045,16.40315172243263,32.8067883252395,87.38729228778783,101.23109166666667,231.91666666666666,48,5.425,3799.9999346219715,28.764
1,mem,64,12.017,165.09720530938705,67.88563237813044,135.77787581743675,97.21157293125663,161.15796666666665,314.0,48,66.625,3800.0049737615327,378.05
1,idle,0,12.01,97.70869848861496,10.002640250561102,20.004580408822928,87.70605823805386,95.30179166666667,223.54166666666666,48,0.475,0,0
1,mem,32,12.011,145.2128983905984,58.17109196386521,116.3424366884713,87.04180642673323,141.64918333333333,286.0,48,38.03333333333333,3799.9999317704605,221.311
1,burn,32,12.011,169.72916982690998,86.62555483604228,173.2514933970827,83.1036149908677,165.62500833333334,299.7708333333333,48,0.49166666666666664,3800.0000226714624,10094.387
1,burn,8,12.01,116.42516076539933,29.70181746455851,59.40247509691218,86.72334330084081,113.5779,242.95833333333334,48,0.4166666666666667,3800.0000191127046,2525.103
1,burn,64,12.016,195.93499697569,117.51757553534614,235.03486794734073,78.41742144034387,191.229875,329.2291666666667,48,0.4,3800.000434094714,13451.186
1,mem,1,12.01,99.47676323630408,11.36196661273315,22.72474622493141,88.11479662357092,97.05051666666667,226.10416666666666,48,1.5,3799.9999451426224,7.5
1,mem,16,12.01,120.76761695637413,34.87797300319513,69.75527499129488,85.88964395317899,117.80799999999999,254.125,48,18.775,3799.999796365547,110.73
1,burn,16,12.01,135.49417848375455,48.963848462386636,97.92632635296503,86.53033002136793,132.19511666666668,260.8541666666667,48,0.4083333333333333,3800.00008083561,5048.092
1,burn,1,12.011,99.47785932606632,12.033126048192548,24.066522844769597,87.44473327787378,97.02944166666666,225.66666666666666,48,0.425,3799.999740339512,315.602
1,mem,8,12.011,108.63816599457644,22.218882094537104,44.436949954725904,86.41928390003933,105.97115000000001,239.20833333333334,48,9.45,3799.9999177763816,55.551
1,burn,4,12.01,105.85372781660257,19.409488091488225,38.81943222192886,86.44423972511436,103.27591666666667,231.70833333333334,48,0.39166666666666666,3799.999915594625,1262.533
2,mem,8,12.012,108.257581681183,22.098519604266503,44.19626819857407,86.15906207691648,105.60405833333333,237.79166666666666,48,9.433333333333334,3799.999998295868,55.641
2,burn,8,12.011,114.82116447665571,28.922863214684906,57.84607053132655,85.89830126197081,111.99907499999999,241.0,48,0.525,3799.9994143837166,2524.809
2,burn,64,12.013,195.58332026458473,117.99840519646742,236.00957281673652,77.58491506811731,190.91755833333335,328.375,48,0.16666666666666666,3799.9911409391325,13451.582
2,mem,64,12.014,165.55694673049842,67.97301032008048,135.95121930308366,97.58393641041793,161.61731666666668,314.8541666666667,48,66.45,3800.0003932515187,377.712
2,mem,16,12.011,121.21080142767032,35.14756870088928,70.29658195716189,86.06323272678104,118.215625,255.33333333333334,48,18.825,3799.99999989074,110.828
2,mem,1,12.011,98.99718888401569,11.336273994600393,22.672810826255798,87.66091488941528,96.56104166666667,226.02083333333334,48,1.4583333333333333,3799.999850508569,7.495
2,mem,4,12.011,102.93066915807303,15.980735170240461,31.960307863631805,86.94993398783257,100.41735833333334,231.41666666666666,48,5.375,3799.9999672605477,28.775
2,burn,16,12.01,133.9174753643761,48.580775903500495,97.15984287556108,85.3366994608756,130.6389,260.1041666666667,48,0.4666666666666667,3800.0001113720778,5048.143
2,burn,4,12.011,106.34954968621406,19.471746693957808,38.94200188897666,86.87780299225625,103.74198333333334,231.91666666666666,48,0.5083333333333333,3799.999949075172,1262.6200000000001
2,burn,32,12.011,168.80847643701472,86.4840590258559,172.9680278834043,82.3244174111588,164.72595,298.875,48,0.5666666666666667,3800.00008835522,10094.891
2,mem,32,12.011,143.70938258578184,58.24031498824156,116.48020837591451,85.46906759754029,140.20586666666668,287.0833333333333,48,38.00833333333333,3799.999945238966,221.246
2,burn,1,12.011,99.75459984737252,12.206389057577665,24.41282498908079,87.54821078979484,97.31345,225.97916666666666,48,0.48333333333333334,3799.999449100765,315.559
2,idle,0,12.011,96.93367275913529,9.715551231254594,19.431679282664856,87.21812152788071,94.55148333333334,223.45833333333334,48,0.43333333333333335,0,0
3,mem,64,12.015,166.61221893298804,67.58742829671557,135.17494032477273,99.02479063627247,162.62588333333332,321.4166666666667,48,66.65833333333333,3800.000448962173,378.18
3,mem,32,12.012,143.8732730604718,58.26728820991199,116.53413927105298,85.6059848505598,140.37571666666665,285.4583333333333,48,38.016666666666666,3800.000067674937,221.246
3,burn,1,12.01,99.86448956400217,12.244141200043165,24.48838389910781,87.620348363959,97.42335,225.8125,48,0.43333333333333335,3799.9999343738805,315.61
3,burn,64,12.015,195.80937713344878,117.72352060008008,235.44649298990808,78.08585653336871,191.12065833333332,328.0208333333333,48,0.4,3800.0004133403795,13450.06
3,idle,0,12.012,97.86459454455361,9.985101120766823,19.969475704508643,87.8794934237868,95.4622,224.25,48,0.425,0,0
3,burn,16,12.011,133.80966013253422,49.015898745423925,98.0321939479434,84.7937613871103,130.5464,260.9791666666667,48,0.43333333333333335,3799.999898710132,5048.275
3,mem,16,12.011,123.04931370379491,34.851582087047134,69.70304994819038,88.19773161674779,120.01680833333333,254.6875,48,18.666666666666668,3800.000037402551,110.577
3,mem,1,12.011,98.69322370373699,11.315553574097178,22.631221206932942,87.37767012963982,96.28169166666666,224.91666666666666,48,1.4833333333333334,3800.000084072784,7.5
3,burn,32,12.011,168.88802482548172,86.31915368705243,172.63875087657718,82.56887113842929,164.80244166666668,298.8958333333333,48,0.4666666666666667,3799.9999238785626,10094.903
3,burn,4,12.01,106.73032322718957,19.942451665460474,39.885669259895636,86.7878715617291,104.12576666666668,232.58333333333334,48,0.4583333333333333,3799.9999496473965,1262.621
3,mem,4,12.011,102.95859733830041,16.08640807431831,32.17302953952694,86.8721892639821,100.43809166666666,231.54166666666666,48,5.425,3800.0001238893537,28.769
3,mem,8,12.011,108.5770532761682,22.242356534477167,44.48588836548026,86.33469674169103,105.90616666666666,238.25,48,9.558333333333334,3800.000360659679,55.48
3,burn,8,12.01,116.14176664448053,29.251974480991546,58.50369485095455,86.88979216348899,113.32093333333334,240.625,48,0.39166666666666666,3800.000018182681,2524.901
4,mem,32,12.011,143.71094193799985,58.51070783536152,117.021249073035,85.20023410263835,140.20076666666668,285.0625,48,37.78333333333333,3800.0000564502056,221.132
4,mem,16,12.011,120.21476815039414,34.673167397830674,69.34747306537649,85.54160075256345,117.24736666666666,254.64583333333334,48,18.641666666666666,3800.0001100311338,110.543
4,mem,4,12.011,102.87102029201391,16.08344458295317,32.16664789264289,86.78757570906073,100.35186666666667,231.52083333333334,48,5.341666666666667,3799.999913710112,28.788
4,mem,64,12.014,164.4955807176993,67.70934558264875,135.41988991663843,96.78623513505056,160.55777500000002,314.8541666666667,48,66.475,3800.0003519842207,378.162
4,burn,32,12.011,169.889625051954,86.51874282302067,173.0408016269596,83.37088222893331,165.77113333333332,298.8958333333333,48,0.4583333333333333,3800.000013032211,10094.201
4,mem,8,12.012,109.60457930425879,22.655447253291598,45.31084230726003,86.9491320509672,106.91015833333333,238.54166666666666,48,9.45,3799.999912979022,55.588
4,idle,0,12.012,97.15083583497872,9.721158621121416,19.442675640982202,87.4296772138573,94.75874999999999,223.08333333333334,48,0.4166666666666667,0,0
4,burn,4,12.011,106.14218231705196,19.618062379081024,39.23647892931413,86.52411993797095,103.546975,232.91666666666666,48,0.4166666666666667,3799.999896183123,1262.637
4,mem,1,12.011,98.07914266861775,11.088968050938655,22.17823217552938,86.99017461767909,95.67360000000001,224.16666666666666,48,1.4916666666666667,3799.999962997929,7.487
4,burn,64,12.016,196.19677649350146,117.99516007135016,235.9823741874467,78.2016164221513,191.48598333333334,328.3958333333333,48,0.36666666666666664,3800.0139411527566,13451.012
4,burn,1,12.012,100.67952108385111,12.107731823540679,24.214903519024496,88.57178926031044,98.19766666666666,225.8125,48,0.4083333333333333,3799.9998080039013,315.6
4,burn,16,12.01,133.33802822061543,48.62005452078818,97.23768459093712,84.71797369982725,130.09533333333334,260.7083333333333,48,0.425,3800.0000784524946,5048.271
4,burn,8,12.011,115.46386307043302,29.248432742298007,58.49679529769404,86.21543032813501,112.64731666666667,241.95833333333334,48,0.375,3800.0000926217554,2524.963
