config,fill_GBs,rd_GBs,cas_GBs,mbm_GBs,fill_over_rd
burn32,0.078,0.217,0.269,0.286,0.362
burn64,0.103,0.289,0.359,0.373,0.357
burn8,0.085,0.229,0.283,,0.37
idle,0.073,0.184,0.231,0.248,0.398
matrix32,0.117,0.34,0.416,0.435,0.345
meml3_32,0.859,4.835,6.215,3.05,0.178
memrand16,7.626,15.301,18.918,,0.498
memrand32,15.179,30.405,37.628,37.176,0.499
memrand4,1.964,3.989,4.962,,0.493
memrand64,27.382,54.358,66.686,66.202,0.504
memseq32,0.316,85.046,85.165,84.653,0.004
memseq8,0.129,21.357,35.449,,0.006
mix_burn32_mem32,14.544,29.109,35.988,35.529,0.5
stream32,51.653,185.363,321.096,319.145,0.279
