rep,kind,t,watts
0,edge,6.900004336785059e-07,nan
0,edge,4.022494404000099,nan
0,edge,8.044389739000053,nan
0,edge,12.063753167000414,nan
0,edge,16.084925532000398,nan
0,sample,-4.918999957226333e-05,298.0
0,sample,0.07056199700036814,298.0
0,sample,0.16207284800020716,298.0
0,sample,0.2555801580001571,298.0
0,sample,0.337506807000409,298.0
0,sample,0.43608101300014823,298.0
0,sample,0.5159408430004078,298.0
0,sample,0.6072022050002488,329.0
0,sample,0.6909411320002619,329.0
0,sample,0.7870932499999981,329.0
0,sample,0.8803485300004468,329.0
0,sample,0.9691605530001652,329.0
0,sample,1.0569339770004262,329.0
0,sample,1.1442274519999955,329.0
0,sample,1.229909198000314,329.0
0,sample,1.3130107050001243,329.0
0,sample,1.4133012400002372,329.0
0,sample,1.5093476780002675,329.0
0,sample,1.5965416330000153,329.0
0,sample,1.679944550000073,329.0
0,sample,1.7640205970001261,329.0
0,sample,1.847931534000054,329.0
0,sample,1.9314000220001617,329.0
0,sample,2.013061781000033,329.0
0,sample,2.063135283000065,329.0
0,sample,2.1132039660001283,329.0
0,sample,2.1632717680004134,329.0
0,sample,2.213344430000234,329.0
0,sample,2.263370483000017,329.0
0,sample,2.3134420850001334,329.0
0,sample,2.36350912800026,329.0
0,sample,2.4135823710003024,329.0
0,sample,2.463650513000175,329.0
0,sample,2.5137217350002174,329.0
0,sample,2.563789168000312,329.0
0,sample,2.6138568700002907,329.0
0,sample,2.6639251630003855,329.0
0,sample,2.7139977550000367,329.0
0,sample,2.764064888000121,226.0
0,sample,2.8141402800001742,226.0
0,sample,2.864207082000121,226.0
0,sample,2.914274485000078,226.0
0,sample,2.964347287000237,226.0
0,sample,3.014369230000284,226.0
0,sample,3.064435483000125,226.0
0,sample,3.114501945000029,226.0
0,sample,3.164569197000219,226.0
0,sample,3.214640099999997,226.0
0,sample,3.264707532000102,226.0
0,sample,3.3147753550001653,226.0
0,sample,3.3648398370000905,226.0
0,sample,3.414907530000164,226.0
0,sample,3.4649777420004284,226.0
0,sample,3.5150491250001323,226.0
0,sample,3.5651154770002904,226.0
0,sample,3.6151837100001103,226.0
0,sample,3.665249462000247,226.0
0,sample,3.715317404000416,226.0
0,sample,3.765366677000202,226.0
0,sample,3.815435009000339,227.0
0,sample,3.865501312000106,227.0
0,sample,3.915572044000328,227.0
0,sample,3.965637197000433,227.0
0,sample,4.015705639000316,227.0
0,sample,4.088530815000013,227.0
0,sample,4.174974670000211,227.0
0,sample,4.276424254000176,227.0
0,sample,4.364975568000318,227.0
0,sample,4.464318503000413,227.0
0,sample,4.565496587000325,227.0
0,sample,4.661382435000178,227.0
0,sample,4.7539880860003905,227.0
0,sample,4.84495411800026,346.0
0,sample,4.936943849000272,346.0
0,sample,5.027937260000272,346.0
0,sample,5.113927536000119,346.0
0,sample,5.208963905000019,346.0
0,sample,5.295916960000341,346.0
0,sample,5.384067924000192,346.0
0,sample,5.469948459000079,346.0
0,sample,5.549890739000148,346.0
0,sample,5.633966996000254,346.0
0,sample,5.714896076000059,346.0
0,sample,5.805251068000416,346.0
0,sample,5.881885409999995,332.0
0,sample,5.961914730000444,332.0
0,sample,6.035677145000136,332.0
0,sample,6.08574833800003,332.0
0,sample,6.135816130000421,332.0
0,sample,6.185882583000421,332.0
0,sample,6.23595483500003,332.0
0,sample,6.28602453700023,332.0
0,sample,6.336097210000389,332.0
0,sample,6.386164162000114,332.0
0,sample,6.436236575000294,332.0
0,sample,6.486307707000378,332.0
0,sample,6.536370040000293,332.0
0,sample,6.586437612000282,332.0
0,sample,6.636505585000123,332.0
0,sample,6.686573967000186,332.0
0,sample,6.736647270000049,332.0
0,sample,6.786715432000165,332.0
0,sample,6.836784875000376,332.0
0,sample,6.886851577000016,332.0
0,sample,6.9369272300000375,332.0
0,sample,6.986995592000312,229.0
0,sample,7.037067285000376,229.0
0,sample,7.087141597000027,229.0
0,sample,7.137208150000333,229.0
0,sample,7.187278772000354,229.0
0,sample,7.237346914000227,229.0
0,sample,7.287370017000285,229.0
0,sample,7.337442529000327,229.0
0,sample,7.387510802000179,229.0
0,sample,7.437586744000328,229.0
0,sample,7.48765426700038,229.0
0,sample,7.537725109000348,229.0
0,sample,7.587798352000391,229.0
0,sample,7.637866364000274,229.0
0,sample,7.687941226000021,229.0
0,sample,7.7380100390000734,229.0
0,sample,7.788080471000285,229.0
0,sample,7.838156594000338,229.0
0,sample,7.888223847000063,229.0
0,sample,7.938296639000328,229.0
0,sample,7.9883673920003275,229.0
0,sample,8.038435074000063,227.0
0,sample,8.11152414900016,227.0
0,sample,8.194974667000224,227.0
0,sample,8.278894874000343,227.0
0,sample,8.365724179000154,227.0
0,sample,8.440935142000399,227.0
0,sample,8.527348228000392,227.0
0,sample,8.610034335000364,227.0
0,sample,8.705096104000404,227.0
0,sample,8.793953938000413,227.0
0,sample,8.882951981000133,227.0
0,sample,8.96592493900016,227.0
0,sample,9.052917063000223,331.0
0,sample,9.132908214000054,331.0
0,sample,9.221287077000397,331.0
0,sample,9.306889183000294,331.0
0,sample,9.38489739500028,331.0
0,sample,9.46893497200017,331.0
0,sample,9.546941403000346,331.0
0,sample,9.63197178900009,331.0
0,sample,9.716984356000012,331.0
0,sample,9.802463142000306,331.0
0,sample,9.899510989000191,331.0
0,sample,9.978890709000098,331.0
0,sample,10.057089421,331.0
0,sample,10.107162483000138,329.0
0,sample,10.157232066000233,329.0
0,sample,10.207303358000445,329.0
0,sample,10.257373381000434,329.0
0,sample,10.307440673000201,329.0
0,sample,10.357513185000244,329.0
0,sample,10.407581328000106,329.0
0,sample,10.457655941000212,329.0
0,sample,10.507722963000106,329.0
0,sample,10.557792886000243,329.0
0,sample,10.607863958000053,329.0
0,sample,10.657933300000423,329.0
0,sample,10.70800469300002,329.0
0,sample,10.758072585000264,329.0
0,sample,10.808140448000358,329.0
0,sample,10.858213790000264,329.0
0,sample,10.908283203000337,329.0
0,sample,10.95836801500036,329.0
0,sample,11.008436538000296,329.0
0,sample,11.058506230000148,329.0
0,sample,11.108576673000243,329.0
0,sample,11.158646045000296,226.0
0,sample,11.208720198000265,226.0
0,sample,11.258789940000042,226.0
0,sample,11.308859293000296,226.0
0,sample,11.358931465000296,226.0
0,sample,11.409000988000116,226.0
0,sample,11.459073980000085,226.0
0,sample,11.509140082000158,226.0
0,sample,11.559211935000349,226.0
0,sample,11.609281807000116,226.0
0,sample,11.65934950000019,226.0
0,sample,11.709370962000321,226.0
0,sample,11.759437234000416,226.0
0,sample,11.809506067000257,226.0
0,sample,11.859578490000331,226.0
0,sample,11.909646032000182,226.0
0,sample,11.95971810500032,226.0
0,sample,12.009785667000415,226.0
0,sample,12.059855580000203,226.0
0,sample,12.132528145000379,226.0
0,sample,12.214992713000356,308.0
0,sample,12.311333011000443,308.0
0,sample,12.401507484000376,308.0
0,sample,12.496765302000313,308.0
0,sample,12.58505373600019,308.0
0,sample,12.669966412000122,308.0
0,sample,12.748917462999998,308.0
0,sample,12.832979400000113,308.0
0,sample,12.923431552000238,308.0
0,sample,13.003926242000034,308.0
0,sample,13.08394834200044,308.0
0,sample,13.16594651100013,308.0
0,sample,13.243944922000082,330.0
0,sample,13.334875894000106,330.0
0,sample,13.418573971000114,330.0
0,sample,13.513151620000372,330.0
0,sample,13.60295175300007,330.0
0,sample,13.687943699000243,330.0
0,sample,13.776925642000151,330.0
0,sample,13.862741068000105,330.0
0,sample,13.942937688000256,330.0
0,sample,14.023902647000341,330.0
0,sample,14.097543242000029,330.0
0,sample,14.147617365000315,330.0
0,sample,14.197683987000346,330.0
0,sample,14.247755940000388,330.0
0,sample,14.297823322000113,330.0
0,sample,14.34789343500006,225.0
0,sample,14.397963217000324,225.0
0,sample,14.448031739000271,225.0
0,sample,14.49809782200009,225.0
0,sample,14.548168764000366,225.0
0,sample,14.59823842700007,225.0
0,sample,14.648309899000196,225.0
0,sample,14.698376712000027,225.0
0,sample,14.7484492640001,225.0
0,sample,14.798518007000439,225.0
0,sample,14.848588649000249,225.0
0,sample,14.898657302000174,225.0
0,sample,14.94872466400011,225.0
0,sample,14.998791897000046,225.0
0,sample,15.048859349000395,225.0
0,sample,15.098925382000289,225.0
0,sample,15.148996554000405,225.0
0,sample,15.19906535600012,225.0
0,sample,15.249136199000077,225.0
0,sample,15.299204111000108,225.0
0,sample,15.349276244000066,225.0
0,sample,15.399344946000383,231.0
0,sample,15.44936804900044,231.0
0,sample,15.499436261000028,231.0
0,sample,15.54950847400005,231.0
0,sample,15.599577206000049,231.0
0,sample,15.64964869800042,231.0
0,sample,15.699715190999996,231.0
0,sample,15.749785683000027,231.0
0,sample,15.799858476000281,231.0
0,sample,15.849931788000049,231.0
0,sample,15.90000424100026,231.0
0,sample,15.950071863000176,231.0
0,sample,16.00013899600026,231.0
0,sample,16.05021206800029,231.0
0,sample,16.10137775000021,231.0
0,sample,16.179991791000248,231.0
0,sample,16.26448284800017,231.0
0,sample,16.3439772480001,231.0
0,sample,16.427083536000282,329.0
0,sample,16.51817875800043,329.0
0,sample,16.615201445000366,329.0
0,sample,16.697964712000157,329.0
0,sample,16.784028048000437,329.0
0,sample,16.875294270000268,329.0
0,sample,16.955900119000034,329.0
0,sample,17.0399377560002,329.0
0,sample,17.129932779000228,329.0
0,sample,17.212894237,329.0
0,sample,17.292952366999998,329.0
0,sample,17.386476876000415,329.0
0,sample,17.468910795000284,329.0
0,sample,17.551526383000237,329.0
0,sample,17.63696698900003,329.0
0,sample,17.718941517000076,329.0
0,sample,17.79490104000024,329.0
0,sample,17.87692220900044,329.0
0,sample,17.957921188,329.0
0,sample,18.040932666000117,329.0
0,sample,18.122659925000335,329.0
0,sample,18.172732687000007,329.0
0,sample,18.222799020000366,329.0
0,sample,18.27287004200025,329.0
0,sample,18.322940974000176,329.0
0,sample,18.37300873700042,329.0
0,sample,18.42308041000024,329.0
0,sample,18.473145992000354,329.0
0,sample,18.52321411400044,226.0
0,sample,18.57328330700011,226.0
0,sample,18.623350209000364,226.0
0,sample,18.67342041100028,226.0
0,sample,18.723488134000036,226.0
0,sample,18.773556546000236,226.0
0,sample,18.823627219000173,226.0
0,sample,18.87369664100015,226.0
0,sample,18.92376587400031,226.0
0,sample,18.97383341600016,226.0
0,sample,19.023904189000405,226.0
0,sample,19.07397181200031,226.0
0,sample,19.124042944000394,226.0
0,sample,19.174117096000373,226.0
0,sample,19.22418309900013,226.0
0,sample,19.27425357200036,226.0
0,sample,19.324324614000034,226.0
0,sample,19.374369856000158,226.0
0,sample,19.424440429000242,226.0
0,sample,19.47450787100024,226.0
0,sample,19.524575973000083,226.0
0,sample,19.574650416000168,212.0
0,sample,19.624718809000115,212.0
0,sample,19.674785911000072,212.0
0,sample,19.72485346400026,212.0
0,sample,19.774922426000103,212.0
0,sample,19.824994678000166,212.0
0,sample,19.875063501000113,212.0
0,sample,19.925132443000166,212.0
0,sample,19.97520112600023,212.0
0,sample,20.025270208000165,212.0
0,sample,20.075344700000187,212.0
1,edge,6.699997356918175e-07,nan
1,edge,4.024574323999786,nan
1,edge,8.044201410999904,nan
1,edge,12.065424816999894,nan
1,edge,16.08540385399965,nan
1,sample,-4.1140000121231424e-05,212.0
1,sample,0.05844139599957998,212.0
1,sample,0.16361893699968277,212.0
1,sample,0.24707572499983144,212.0
1,sample,0.3396492560000297,212.0
1,sample,0.41832089699983044,212.0
1,sample,0.5040805419998833,329.0
1,sample,0.5973883419997037,329.0
1,sample,0.6770828629996686,329.0
1,sample,0.7651215669998237,329.0
1,sample,0.8430105579996052,329.0
1,sample,0.9230716079996455,329.0
1,sample,0.999039380999875,329.0
1,sample,1.0770594829996298,329.0
1,sample,1.1560678539999572,329.0
1,sample,1.2330653159997382,329.0
1,sample,1.3235539879997305,329.0
1,sample,1.4202139459998762,329.0
1,sample,1.504082632999598,329.0
1,sample,1.5920425869999235,329.0
1,sample,1.6750958349998655,329.0
1,sample,1.7510494079997443,329.0
1,sample,1.837611723000009,329.0
1,sample,1.9190882319999218,329.0
1,sample,2.002106378999997,329.0
1,sample,2.052173371999743,329.0
1,sample,2.1022454239996478,329.0
1,sample,2.1523175469997113,329.0
1,sample,2.2023863399999755,329.0
1,sample,2.2524587819998487,329.0
1,sample,2.3025103139998464,329.0
1,sample,2.3525796769999943,329.0
1,sample,2.402649289999772,329.0
1,sample,2.452717931999814,329.0
1,sample,2.5027883039997505,329.0
1,sample,2.5528560169996126,329.0
1,sample,2.6029244090000248,226.0
1,sample,2.6529937419995804,226.0
1,sample,2.7030643739999505,226.0
1,sample,2.753134986999612,226.0
1,sample,2.8032040889997916,226.0
1,sample,2.85327216099995,226.0
1,sample,2.903346213999612,226.0
1,sample,2.9534121059996323,226.0
1,sample,3.0034794489997694,226.0
1,sample,3.053506662000018,226.0
1,sample,3.103576193999743,226.0
1,sample,3.1536452870000176,226.0
1,sample,3.203715918999933,226.0
1,sample,3.253786871999637,226.0
1,sample,3.303856373999679,226.0
1,sample,3.3539242959996045,226.0
1,sample,3.4039933989997735,226.0
1,sample,3.4540634309996676,226.0
1,sample,3.504135493999911,226.0
1,sample,3.5542014959996777,226.0
1,sample,3.6042724589997306,226.0
1,sample,3.6543380009998145,226.0
1,sample,3.704409573999783,226.0
1,sample,3.7544813370000156,226.0
1,sample,3.8045093890000317,226.0
1,sample,3.8545783909999045,226.0
1,sample,3.9046479639996505,226.0
1,sample,3.954717526999957,226.0
1,sample,4.004791908999778,226.0
1,sample,4.060654056999738,226.0
1,sample,4.137613429999874,226.0
1,sample,4.2150650519997725,226.0
1,sample,4.298144178999792,226.0
1,sample,4.395422795999821,226.0
1,sample,4.47708851499965,226.0
1,sample,4.5673075679997055,226.0
1,sample,4.647637306999968,226.0
1,sample,4.737835019999693,335.0
1,sample,4.816062950999822,335.0
1,sample,4.899051318999682,335.0
1,sample,4.984049915000014,335.0
1,sample,5.074044197999683,335.0
1,sample,5.152038919000006,335.0
1,sample,5.23604039599968,335.0
1,sample,5.32605674899969,335.0
1,sample,5.41110250499969,335.0
1,sample,5.493132362999859,335.0
1,sample,5.588114872999995,335.0
1,sample,5.670083130999956,335.0
1,sample,5.752058679999664,328.0
1,sample,5.834085168000001,328.0
1,sample,5.91303870899992,328.0
1,sample,5.996036226999877,328.0
1,sample,6.0677458929999375,328.0
1,sample,6.117818665999948,328.0
1,sample,6.1678918479997265,328.0
1,sample,6.217963559999589,328.0
1,sample,6.2680333329999485,328.0
1,sample,6.318101264999768,328.0
1,sample,6.368172987999969,328.0
1,sample,6.4182452099998955,328.0
1,sample,6.468313462999959,328.0
1,sample,6.518382744999599,328.0
1,sample,6.568453158000011,328.0
1,sample,6.618511749999925,328.0
1,sample,6.668585912999788,328.0
1,sample,6.718656914999883,328.0
1,sample,6.768726256999798,328.0
1,sample,6.818791709999914,227.0
1,sample,6.868862691999766,227.0
1,sample,6.918930804999945,227.0
1,sample,6.969000606999998,227.0
1,sample,7.019069589999617,227.0
1,sample,7.069134611999743,227.0
1,sample,7.1192071849995955,227.0
1,sample,7.169275486999595,227.0
1,sample,7.21934358999988,227.0
1,sample,7.269414261999827,227.0
1,sample,7.319479665000017,227.0
1,sample,7.369511916999727,227.0
1,sample,7.419578009999896,227.0
1,sample,7.469646391999959,227.0
1,sample,7.519713615000001,227.0
1,sample,7.569782666999799,227.0
1,sample,7.619854439999926,227.0
1,sample,7.669922671999757,227.0
1,sample,7.719990093999968,227.0
1,sample,7.77005823699983,227.0
1,sample,7.8201238489996285,227.0
1,sample,7.871593660999679,228.0
1,sample,7.921659953000017,228.0
1,sample,7.971728515999985,228.0
1,sample,8.021796157999688,228.0
1,sample,8.088665287999902,228.0
1,sample,8.18218663799962,228.0
1,sample,8.268107582999619,228.0
1,sample,8.357089376999738,228.0
1,sample,8.446621099999902,228.0
1,sample,8.533195094999883,228.0
1,sample,8.623099666999678,228.0
1,sample,8.712068760999955,228.0
1,sample,8.811578315999668,228.0
1,sample,8.910094741999728,327.0
1,sample,8.993060389999755,327.0
1,sample,9.076051607999943,327.0
1,sample,9.16605963999973,327.0
1,sample,9.247086079999917,327.0
1,sample,9.331144766999842,327.0
1,sample,9.416189762999693,327.0
1,sample,9.502117777999956,327.0
1,sample,9.582107248999819,327.0
1,sample,9.66405341699965,327.0
1,sample,9.758110746999591,327.0
1,sample,9.844067851999625,327.0
1,sample,9.937074422000023,328.0
1,sample,10.020066379999662,328.0
1,sample,10.091682095999658,328.0
1,sample,10.141753438999785,328.0
1,sample,10.19182906099968,328.0
1,sample,10.241899033999744,328.0
1,sample,10.29196695599967,328.0
1,sample,10.342036308999923,328.0
1,sample,10.392105550999986,328.0
1,sample,10.442174583999986,328.0
1,sample,10.492241485999784,328.0
1,sample,10.542310628999985,328.0
1,sample,10.592375900999741,328.0
1,sample,10.642445403999773,328.0
1,sample,10.692509765999603,328.0
1,sample,10.74257895899973,328.0
1,sample,10.792646960999718,328.0
1,sample,10.842715064000004,328.0
1,sample,10.892784285999824,328.0
1,sample,10.942853458999707,328.0
1,sample,10.992919160999918,328.0
1,sample,11.04298977399958,226.0
1,sample,11.093057935999695,226.0
1,sample,11.14313011899958,226.0
1,sample,11.19319823099977,226.0
1,sample,11.243269433000023,226.0
1,sample,11.293339095999727,226.0
1,sample,11.34340747799979,226.0
1,sample,11.393478130999938,226.0
1,sample,11.443512212999849,226.0
1,sample,11.493580015999669,226.0
1,sample,11.543654417999733,226.0
1,sample,11.593723580999722,226.0
1,sample,11.643797282999913,226.0
1,sample,11.693864914999722,226.0
1,sample,11.743934027999785,226.0
1,sample,11.79400219099989,226.0
1,sample,11.844069302999742,226.0
1,sample,11.894137734999731,226.0
1,sample,11.944206017999932,226.0
1,sample,11.994274119999773,226.0
1,sample,12.044346012999995,225.0
1,sample,12.107659304999743,225.0
1,sample,12.194525629999589,225.0
1,sample,12.272082131999923,225.0
1,sample,12.349068893999629,225.0
1,sample,12.437479677999818,225.0
1,sample,12.519097816999874,225.0
1,sample,12.610170768999978,225.0
1,sample,12.700083190999976,225.0
1,sample,12.783142438999676,225.0
1,sample,12.86809603499978,225.0
1,sample,12.958102227999916,225.0
1,sample,13.04406795299974,225.0
1,sample,13.125025602999813,328.0
1,sample,13.203049213999748,328.0
1,sample,13.282036084999618,328.0
1,sample,13.366319251999812,328.0
1,sample,13.449037319999661,328.0
1,sample,13.528081830999781,328.0
1,sample,13.616264313999636,328.0
1,sample,13.698053952999999,328.0
1,sample,13.781269410999812,328.0
1,sample,13.863060239999868,328.0
1,sample,13.946109886999693,328.0
1,sample,14.024064718999853,328.0
1,sample,14.101867709999624,328.0
1,sample,14.151937223000004,328.0
1,sample,14.202003874999718,328.0
1,sample,14.252075307999803,328.0
1,sample,14.302147379999951,328.0
1,sample,14.352218222999909,328.0
1,sample,14.40228791499976,328.0
1,sample,14.452355067999633,328.0
1,sample,14.502423269999781,328.0
1,sample,14.55249170299976,328.0
1,sample,14.6025615249996,328.0
1,sample,14.652629867999622,328.0
1,sample,14.702698469999632,328.0
1,sample,14.752766281999811,328.0
1,sample,14.802836184999705,328.0
1,sample,14.852905137999642,328.0
1,sample,14.902975479999895,328.0
1,sample,14.953044111999588,328.0
1,sample,15.003118024999822,328.0
1,sample,15.053185147000022,328.0
1,sample,15.103251779999937,328.0
1,sample,15.153322031999778,328.0
1,sample,15.203388294999968,227.0
1,sample,15.253457176999746,227.0
1,sample,15.303508979999606,227.0
1,sample,15.353577011999732,227.0
1,sample,15.403646024999944,227.0
1,sample,15.453714566999679,227.0
1,sample,15.503783499999827,227.0
1,sample,15.553849771999921,227.0
1,sample,15.603917563999858,227.0
1,sample,15.653988666999794,227.0
1,sample,15.704054619999624,227.0
1,sample,15.754120562000026,227.0
1,sample,15.804188533999877,227.0
1,sample,15.854258976999972,227.0
1,sample,15.904327248999834,227.0
1,sample,15.954396981999707,227.0
1,sample,16.00446633399997,227.0
1,sample,16.054508456999883,227.0
1,sample,16.10551594799972,227.0
1,sample,16.18716111699996,227.0
1,sample,16.276353899999776,341.0
1,sample,16.359162787999594,341.0
1,sample,16.437088069999845,341.0
1,sample,16.51812033899978,341.0
1,sample,16.608216921999883,341.0
1,sample,16.698291703999985,341.0
1,sample,16.782114520999585,341.0
1,sample,16.863336510999943,341.0
1,sample,16.945055699000022,341.0
1,sample,17.03709557000002,341.0
1,sample,17.118096288999823,341.0
1,sample,17.19760264999968,341.0
1,sample,17.27808460999995,329.0
1,sample,17.360113137999633,329.0
1,sample,17.451131559999794,329.0
1,sample,17.541071671999816,329.0
1,sample,17.634098462999646,329.0
1,sample,17.71706357999983,329.0
1,sample,17.80327002599961,329.0
1,sample,17.886080043999755,329.0
1,sample,17.973065699000017,329.0
1,sample,18.06206673199995,329.0
1,sample,18.12764848300003,329.0
1,sample,18.17772084499984,329.0
1,sample,18.227790457999618,329.0
1,sample,18.277859189999617,329.0
1,sample,18.327932492999935,329.0
1,sample,18.37800335499969,225.0
1,sample,18.428074186999766,225.0
1,sample,18.478141199999754,225.0
1,sample,18.52821375199983,225.0
1,sample,18.578280764999818,225.0
1,sample,18.628351796999596,225.0
1,sample,18.6784195299997,225.0
1,sample,18.728488681999806,225.0
1,sample,18.778511855000033,225.0
1,sample,18.828579416999673,225.0
1,sample,18.87864690999959,225.0
1,sample,18.928716821999842,225.0
1,sample,18.978783524999926,225.0
1,sample,19.028854016999958,225.0
1,sample,19.078922149999926,225.0
1,sample,19.128990301999693,225.0
1,sample,19.1790616039998,225.0
1,sample,19.229130656999587,225.0
1,sample,19.279200548999597,225.0
1,sample,19.329267591999724,225.0
1,sample,19.379336663999766,225.0
1,sample,19.429410536999967,225.0
1,sample,19.47948185899986,225.0
1,sample,19.529513371999656,225.0
1,sample,19.57957994399976,225.0
1,sample,19.62965108699973,225.0
1,sample,19.679720768999687,225.0
1,sample,19.729790391999813,225.0
1,sample,19.779859753999972,225.0
1,sample,19.829928415999802,225.0
1,sample,19.87999671899979,225.0
1,sample,19.930066000999886,225.0
1,sample,19.980135653999696,225.0
1,sample,20.03020949699976,225.0
1,sample,20.080277568999918,225.0
2,edge,8.199999683711212e-07,nan
2,edge,4.023515494000094,nan
2,edge,8.045983277999767,nan
2,edge,12.065598554999724,nan
2,edge,16.089158548999876,nan
2,sample,-3.986999990956974e-05,225.0
2,sample,0.06666764999999941,225.0
2,sample,0.1470690090000062,225.0
2,sample,0.24427881599967805,225.0
2,sample,0.33360336899977483,329.0
2,sample,0.4260552599998846,329.0
2,sample,0.5110959959997672,329.0
2,sample,0.5961124830000699,329.0
2,sample,0.6964373279997744,329.0
2,sample,0.7860720409998976,329.0
2,sample,0.8681099189998349,329.0
2,sample,0.9530583249998017,329.0
2,sample,1.0290582779998658,329.0
2,sample,1.116260162999879,329.0
2,sample,1.1973796719998973,329.0
2,sample,1.284365606999927,329.0
2,sample,1.3630364779996853,328.0
2,sample,1.4481457239999145,328.0
2,sample,1.5415646540000125,328.0
2,sample,1.6220895540000129,328.0
2,sample,1.7041095519998635,328.0
2,sample,1.7860957409998264,328.0
2,sample,1.8700952680001137,328.0
2,sample,1.9560935829999835,328.0
2,sample,2.0323059859997556,328.0
2,sample,2.082380449000084,328.0
2,sample,2.132448220999777,328.0
2,sample,2.1825113639997653,328.0
2,sample,2.2325775059998705,328.0
2,sample,2.282645687999775,328.0
2,sample,2.3327179109996905,328.0
2,sample,2.382785932999923,328.0
2,sample,2.432857505999891,328.0
2,sample,2.4829240179997214,226.0
2,sample,2.532992470999943,226.0
2,sample,2.5830631029998585,226.0
2,sample,2.633131906000017,226.0
2,sample,2.6832003079998685,226.0
2,sample,2.733266220999667,226.0
2,sample,2.7833346329998676,226.0
2,sample,2.833405846000005,226.0
2,sample,2.883472227999846,226.0
2,sample,2.9335126910000326,226.0
2,sample,2.983578302999831,226.0
2,sample,3.033648266,226.0
2,sample,3.083716858000116,226.0
2,sample,3.1337863099997776,226.0
2,sample,3.183854113000052,226.0
2,sample,3.2339200349997554,226.0
2,sample,3.283988257999681,226.0
2,sample,3.334056639999744,226.0
2,sample,3.3841243629999553,226.0
2,sample,3.4341950849998284,226.0
2,sample,3.4842639779999445,226.0
2,sample,3.5343336799996905,229.0
2,sample,3.584406933000082,229.0
2,sample,3.6344785249998495,229.0
2,sample,3.6845223579998674,229.0
2,sample,3.7345889700000043,229.0
2,sample,3.7846608929999093,229.0
2,sample,3.8347293349997926,229.0
2,sample,3.8847985980000885,229.0
2,sample,3.93488324000009,229.0
2,sample,3.984954043000016,229.0
2,sample,4.0350514950000615,229.0
2,sample,4.108652410000104,229.0
2,sample,4.195619554999666,229.0
2,sample,4.276100113999746,229.0
2,sample,4.359107161999873,229.0
2,sample,4.442105179999999,229.0
2,sample,4.523083618999863,329.0
2,sample,4.604069397999865,329.0
2,sample,4.690054734000114,329.0
2,sample,4.786197781999817,329.0
2,sample,4.8710945079997146,329.0
2,sample,4.952061106999736,329.0
2,sample,5.047761605999767,329.0
2,sample,5.130067613999927,329.0
2,sample,5.223800314000073,329.0
2,sample,5.333357091999915,329.0
2,sample,5.414064811000117,329.0
2,sample,5.495053899999675,329.0
2,sample,5.58536025300009,329.0
2,sample,5.67033679899987,329.0
2,sample,5.753085166999881,329.0
2,sample,5.849609514999884,329.0
2,sample,5.935122890999992,329.0
2,sample,6.024094763999983,329.0
2,sample,6.074656215999767,329.0
2,sample,6.124728987999788,329.0
2,sample,6.174794471000041,329.0
2,sample,6.224866943000052,329.0
2,sample,6.274935196000115,329.0
2,sample,6.325005687999692,329.0
2,sample,6.375076321000051,329.0
2,sample,6.425142632999723,329.0
2,sample,6.475214585999765,329.0
2,sample,6.525287317999755,329.0
2,sample,6.575354980999691,329.0
2,sample,6.625425523000104,329.0
2,sample,6.675493605999691,226.0
2,sample,6.725563118000082,226.0
2,sample,6.775632420999955,226.0
2,sample,6.825699002999954,226.0
2,sample,6.8757653359998585,226.0
2,sample,6.925833287999922,226.0
2,sample,6.97590246999971,226.0
2,sample,7.025969872999667,226.0
2,sample,7.076039364999815,226.0
2,sample,7.12611072799973,226.0
2,sample,7.176176219999888,226.0
2,sample,7.2262462329999835,226.0
2,sample,7.276318825000089,226.0
2,sample,7.326389917999677,226.0
2,sample,7.376462899999751,226.0
2,sample,7.426509652999812,226.0
2,sample,7.476580784999896,226.0
2,sample,7.5266509769999175,226.0
2,sample,7.5767211399997905,226.0
2,sample,7.626791932999822,226.0
2,sample,7.676859525000054,226.0
2,sample,7.7269269869998425,227.0
2,sample,7.7769959799998105,227.0
2,sample,7.827063931999874,227.0
2,sample,7.877137394999863,227.0
2,sample,7.927203726999778,227.0
2,sample,7.977273259999947,227.0
2,sample,8.027344661999905,227.0
2,sample,8.091662643999825,227.0
2,sample,8.17761892999988,227.0
2,sample,8.26122274699992,227.0
2,sample,8.343076875999941,227.0
2,sample,8.424099464999927,227.0
2,sample,8.519151132999923,227.0
2,sample,8.614620662000107,227.0
2,sample,8.694045273000029,227.0
2,sample,8.778043718999925,340.0
2,sample,8.871771049000017,340.0
2,sample,8.952111949000027,340.0
2,sample,9.031031139999868,340.0
2,sample,9.111094800000046,340.0
2,sample,9.195901715999753,340.0
2,sample,9.2843161400001,340.0
2,sample,9.367051017999984,340.0
2,sample,9.461717636999765,340.0
2,sample,9.541067297999689,340.0
2,sample,9.622080546999769,340.0
2,sample,9.705610193999746,340.0
2,sample,9.784018495000055,333.0
2,sample,9.862064637000003,333.0
2,sample,9.952859448999789,333.0
2,sample,10.031051039999966,333.0
2,sample,10.088689177000106,333.0
2,sample,10.138761238999905,333.0
2,sample,10.188828771999852,333.0
2,sample,10.238900704000116,333.0
2,sample,10.288968906999798,333.0
2,sample,10.339042658999915,333.0
2,sample,10.389112662000116,333.0
2,sample,10.439183273999788,333.0
2,sample,10.489259086999937,333.0
2,sample,10.539328149000085,333.0
2,sample,10.589397201999873,333.0
2,sample,10.639468203999968,333.0
2,sample,10.689509756999996,333.0
2,sample,10.73958458900006,333.0
2,sample,10.789652341999954,333.0
2,sample,10.839724414000102,227.0
2,sample,10.889796426999965,227.0
2,sample,10.939865718999954,227.0
2,sample,10.989937412000018,227.0
2,sample,11.040006103999985,227.0
2,sample,11.090076815999964,227.0
2,sample,11.14014810899971,227.0
2,sample,11.190215080999678,227.0
2,sample,11.240284804000112,227.0
2,sample,11.290350106000005,227.0
2,sample,11.340422338999815,227.0
2,sample,11.390495221000037,227.0
2,sample,11.440566253999805,227.0
2,sample,11.490640345999964,227.0
2,sample,11.540710027999921,227.0
2,sample,11.59078098100008,227.0
2,sample,11.640850163999858,227.0
2,sample,11.690918595999847,227.0
2,sample,11.74099299799991,227.0
2,sample,11.791059850999773,227.0
2,sample,11.841130852999868,227.0
2,sample,11.891197775999899,226.0
2,sample,11.941266427999835,226.0
2,sample,11.991339030999825,226.0
2,sample,12.041406272999666,226.0
2,sample,12.10572038500004,226.0
2,sample,12.211234045999845,226.0
2,sample,12.299083840000094,226.0
2,sample,12.394664747999741,226.0
2,sample,12.48988892699981,226.0
2,sample,12.577127481999923,226.0
2,sample,12.667654043999846,226.0
2,sample,12.75712068699977,226.0
2,sample,12.854100703999848,226.0
2,sample,12.943129976999899,328.0
2,sample,13.035108047999984,328.0
2,sample,13.124090861999775,328.0
2,sample,13.222773837999739,328.0
2,sample,13.323451381999803,328.0
2,sample,13.416134442999919,328.0
2,sample,13.518771115999698,328.0
2,sample,13.605107600999872,328.0
2,sample,13.694106013999772,328.0
2,sample,13.793110699999943,328.0
2,sample,13.88707893999981,328.0
2,sample,13.974068923999766,329.0
2,sample,14.06109805899996,329.0
2,sample,14.114666568999837,329.0
2,sample,14.1647360019997,329.0
2,sample,14.214804314000048,329.0
2,sample,14.264874576999773,329.0
2,sample,14.314942698999857,329.0
2,sample,14.365011890999995,329.0
2,sample,14.415083374000005,329.0
2,sample,14.465151215999867,329.0
2,sample,14.515219578999677,329.0
2,sample,14.565288510999835,329.0
2,sample,14.61535772399975,329.0
2,sample,14.665430785999888,329.0
2,sample,14.71550120899974,329.0
2,sample,14.765570870999909,329.0
2,sample,14.81563779399994,329.0
2,sample,14.865705505999813,329.0
2,sample,14.915775368999675,329.0
2,sample,14.965843350999876,329.0
2,sample,15.015912283000034,329.0
2,sample,15.065980215999843,227.0
2,sample,15.116049019000002,227.0
2,sample,15.166124060999664,227.0
2,sample,15.21619179299978,227.0
2,sample,15.266266125999664,227.0
2,sample,15.31633310799998,227.0
2,sample,15.366400530999726,227.0
2,sample,15.416466512999705,227.0
2,sample,15.466507686000114,227.0
2,sample,15.516578387999743,227.0
2,sample,15.56664580100005,227.0
2,sample,15.61671341300007,227.0
2,sample,15.666786155999944,227.0
2,sample,15.716853207999975,227.0
2,sample,15.766924220999954,227.0
2,sample,15.816990493000048,227.0
2,sample,15.86706270500008,227.0
2,sample,15.91712897799971,227.0
2,sample,15.967200390000016,227.0
2,sample,16.017271532999985,227.0
2,sample,16.067339124999762,227.0
2,sample,16.120293506000053,226.0
2,sample,16.21267289699972,226.0
2,sample,16.302253868999742,226.0
2,sample,16.392163741999866,226.0
2,sample,16.476081368999985,226.0
2,sample,16.56209144400009,226.0
2,sample,16.641084514999875,226.0
2,sample,16.721111574999668,226.0
2,sample,16.801083144999666,226.0
2,sample,16.89422184599971,226.0
2,sample,16.975034914999924,226.0
2,sample,17.076410028999817,226.0
2,sample,17.160080495999864,329.0
2,sample,17.251387027999954,329.0
2,sample,17.336054473999866,329.0
2,sample,17.420114811000076,329.0
2,sample,17.50915093399999,329.0
2,sample,17.595083169999725,329.0
2,sample,17.67706522899971,329.0
2,sample,17.760057436999887,329.0
2,sample,17.836022839999714,329.0
2,sample,17.913059991999944,329.0
2,sample,17.99508498999967,329.0
2,sample,18.0722288019997,329.0
2,sample,18.136670093999783,329.0
2,sample,18.186743465999825,329.0
2,sample,18.236812138999994,221.0
2,sample,18.28687963099992,221.0
2,sample,18.336945793999803,221.0
2,sample,18.387015466999856,221.0
2,sample,18.43708891899996,221.0
2,sample,18.487160200999824,221.0
2,sample,18.537231534000057,221.0
2,sample,18.587298625999665,221.0
2,sample,18.637368888999845,221.0
2,sample,18.687437790999866,221.0
2,sample,18.73750842399977,221.0
2,sample,18.787577995999982,221.0
2,sample,18.837644348999675,221.0
2,sample,18.887712720999843,221.0
2,sample,18.93778174299996,221.0
2,sample,18.987852025999928,221.0
2,sample,19.037923347999822,221.0
2,sample,19.087990140999864,221.0
2,sample,19.138062672999695,221.0
2,sample,19.188134185999843,221.0
2,sample,19.238205187999938,221.0
2,sample,19.288276720999875,227.0
2,sample,19.3383450729998,227.0
2,sample,19.38841563599999,227.0
2,sample,19.438489178000054,227.0
2,sample,19.48851073099968,227.0
2,sample,19.538587102999827,227.0
2,sample,19.58865363599989,227.0
2,sample,19.638725127999805,227.0
2,sample,19.688795950999975,227.0
2,sample,19.738866292999774,227.0
2,sample,19.78893432599989,227.0
2,sample,19.83900309799992,227.0
2,sample,19.889071690000037,227.0
2,sample,19.939146232999974,227.0
2,sample,19.98921465500007,227.0
2,sample,20.03928526799973,227.0
2,sample,20.08935296999971,227.0
