rep,config,sec,pkg_W,sumcore_W,bmc_W,hsmp_W,hsmp_ddr_GBs,mbm_GBs,mbm_groups_GBs,instructions,cycles,ls_any_fills_from_sys.dram_io_all,umc_rd,umc_wr,umc_all
0,meml3_32,1,189.797897,100.66075200000002,322.0,184.88875000000002,4.75,3.565463636099969,3.278,136362632054.0,123206603936.0,15276103.0,36555939.0,25944415.0,48094364.0
0,meml3_32,2,189.878647,100.704575,325.0,184.9995,4.0,3.5488543652269935,3.281,136452110045.0,123353441988.0,15449798.0,37078811.0,25842637.0,48551347.0
0,meml3_32,3,191.139511,101.67463700000002,326.0,185.6515,3.5,4.175273077678732,3.337,138193337777.0,125468703131.0,18343635.0,47429773.0,28088138.0,58775139.0
0,meml3_32,4,190.148727,100.827333,326.0,186.12925,5.5,3.55932806562183,3.281,136719210419.0,123539998218.0,15406111.0,36539205.0,26048989.0,48070171.0
0,meml3_32,5,190.282913,100.86672900000003,324.0,185.399,3.5,3.5183586402058227,3.276,136691082127.0,123472982146.0,15231706.0,35220446.0,25900431.0,46759753.0
0,meml3_32,6,190.41806,100.91577200000002,324.75,185.512,4.0,3.519053235593786,3.273,136420507573.0,123235287527.0,15191814.0,35048932.0,25842807.0,46568673.0
0,meml3_32,7,190.52652,101.055497,325.0,185.69575,5.0,3.534864325639537,3.277,136424715138.0,123247065752.0,15281848.0,36420483.0,25879984.0,47891257.0
0,meml3_32,8,190.488617,101.02993900000001,327.25,185.69175,4.0,3.5556059222626804,3.277,136486121730.0,123354258264.0,15378139.0,37637089.0,25872117.0,49073632.0
0,meml3_32,9,190.686432,101.15435699999999,328.0,185.9745,4.5,3.851836522851557,3.282,136971136862.0,124134425520.0,17180693.0,41097607.0,26703188.0,52384282.0
0,meml3_32,10,190.642044,101.02001900000002,325.75,185.72475,3.25,3.532261560055123,3.277,136438395770.0,123314636835.0,15354105.0,36245699.0,25798197.0,47735674.0
0,meml3_32,11,190.796341,101.05495799999998,325.0,185.94675,3.25,3.5230374698615665,3.281,136806887451.0,123584793411.0,15249959.0,37009067.0,25908062.0,48560155.0
0,meml3_32,12,190.877716,101.15625400000002,326.0,186.10899999999998,4.75,3.5345864288535394,3.286,136424354140.0,123243092985.0,15291459.0,37266031.0,25836228.0,48719482.0
0,meml3_32,13,190.949234,101.180496,326.0,186.05575,3.25,3.5291763633558193,3.276,136444072199.0,123254922031.0,15242984.0,35422150.0,25827775.0,46909150.0
0,meml3_32,14,190.943619,101.20260700000003,325.0,186.1525,2.75,3.5225847770098317,3.278,136831618034.0,123597881976.0,15265859.0,35968849.0,25920768.0,47505732.0
0,meml3_32,15,191.117798,101.236757,325.0,186.2585,5.0,3.5191736633626545,3.279,136809141731.0,123571617448.0,15194880.0,35271120.0,25905095.0,46850557.0
0,burn8,1,117.122559,30.728653,244.0,113.37525,1.0,,nan,28964809568.0,31235961536.0,1763758.0,4440340.0,1081938.0,3523880.0
0,burn8,2,116.764618,30.342086000000005,244.75,113.66550000000001,0.0,,nan,28889699430.0,31117479855.0,1427535.0,4032574.0,895111.0,3055870.0
0,burn8,3,116.833176,30.574996000000002,244.25,113.44025,0.25,,nan,28899275331.0,31138822048.0,1423310.0,4027124.0,848154.0,3013827.0
0,burn8,4,117.558655,31.283415999999995,247.0,113.50625,0.0,,nan,29917482495.0,31911317499.0,2849943.0,8424415.0,1630258.0,6754069.0
0,burn8,5,118.094116,31.818649999999987,251.0,115.58025,0.5,,nan,30045604641.0,31975307054.0,2887940.0,8507705.0,2069947.0,7312725.0
0,burn8,6,116.53511,30.335571,245.25,113.54375,0.0,,nan,28889014530.0,31113136465.0,1361139.0,3690152.0,785780.0,2747194.0
0,burn8,7,116.409073,30.143265000000007,243.5,113.044,0.5,,nan,28858417322.0,31062671567.0,1213910.0,3191484.0,746351.0,2397659.0
0,burn8,8,116.538666,30.364823999999995,244.5,113.23675,0.5,,nan,28893705207.0,31147693180.0,1423363.0,3592583.0,781318.0,2716155.0
0,burn8,9,116.630005,30.549208999999987,245.0,113.2225,1.0,,nan,28898678290.0,31127989869.0,1375376.0,3876896.0,836999.0,2911315.0
0,burn8,10,117.044373,30.484755,244.5,113.42975,0.5,,nan,28867754725.0,31081581195.0,1235626.0,3464187.0,814450.0,2605267.0
0,burn8,11,118.264725,30.924240000000005,244.5,114.18825,0.0,,nan,29087713183.0,31393498594.0,2553304.0,6273568.0,1367400.0,5302808.0
0,burn8,12,119.107773,30.396380999999995,244.75,115.55275,1.25,,nan,28857918980.0,31063915526.0,1138524.0,3164393.0,759538.0,2380497.0
0,burn8,13,119.875748,30.727859999999993,244.25,116.0495,0.0,,nan,28883046630.0,31109913278.0,1327020.0,3583388.0,769062.0,2682903.0
0,burn8,14,120.109207,30.478225999999996,244.75,116.7095,0.0,,nan,28884975628.0,31128753652.0,1417334.0,3673971.0,754906.0,2739558.0
0,burn8,15,120.314377,30.501143000000003,244.0,116.66275,1.5,,nan,28869553740.0,31081561593.0,1251115.0,3375671.0,764587.0,2540309.0
0,burn64,1,195.773819,117.290495,331.75,190.8865,2.0,0.3274448263108276,0.079,149911716100.0,244452344597.0,1353801.0,3609995.0,957236.0,2810049.0
0,burn64,2,195.952698,117.32823399999998,330.5,190.94975,1.0,0.3082837250171723,0.080,150100044654.0,244732113052.0,1388303.0,3673578.0,864601.0,2796913.0
0,burn64,3,196.150803,117.301163,331.5,191.0315,1.0,0.3067909642211425,0.079,149863753226.0,244354484556.0,1351189.0,3687217.0,907795.0,2832284.0
0,burn64,4,196.304428,117.31707800000002,330.5,191.20375,2.0,0.39057398039917324,0.082,150834222880.0,245465964408.0,1976691.0,5678055.0,1157905.0,4498923.0
0,burn64,5,197.291809,118.173644,330.75,192.063,3.25,0.8709749978021403,0.086,151485304664.0,244334630599.0,3839965.0,10915213.0,2928972.0,9096168.0
0,burn64,6,197.661545,118.35353099999999,332.0,192.56425000000002,2.0,0.8227780428363515,0.097,152628206779.0,244954796709.0,3280672.0,10181195.0,2597304.0,8244046.0
0,burn64,7,197.432449,117.91259899999999,333.5,192.69150000000002,1.25,0.7086423319995764,0.087,151142436907.0,245074431614.0,2976555.0,9234555.0,2285271.0,7847005.0
0,burn64,8,196.642273,117.39469899999999,333.0,191.6935,1.0,0.3064315873467465,0.080,150318296399.0,245129125458.0,1326781.0,3706273.0,867319.0,2831893.0
0,burn64,9,196.741318,117.50572299999999,331.5,191.706,1.5,0.3428883263001241,0.082,149788914286.0,244229126470.0,1552879.0,4129115.0,946785.0,3189360.0
0,burn64,10,196.891144,117.44076600000001,330.5,191.77125,2.5,0.2990428984050855,0.081,150011391318.0,244612225808.0,1272364.0,3423870.0,881078.0,2667261.0
0,burn64,11,197.048279,117.44412000000001,330.75,191.96925,2.0,0.33818304648769604,0.084,150191596326.0,244907749955.0,1420928.0,4095025.0,949066.0,3147938.0
0,burn64,12,197.179459,117.51701699999998,333.0,192.08499999999998,2.0,0.31508912138393996,0.083,150185767362.0,244898160597.0,1335037.0,3767732.0,909434.0,2912661.0
0,burn64,13,197.902664,117.885894,333.25,192.68525,3.75,0.7792130490075528,0.091,151535576678.0,244915919356.0,3486400.0,10411681.0,2582647.0,8538219.0
0,burn64,14,197.49057,117.65133700000001,333.25,192.734,2.25,0.3963676633582584,0.085,150180571342.0,244893206400.0,1341058.0,3805484.0,972053.0,2951847.0
0,burn64,15,197.368851,117.557446,331.25,192.42125,2.5,0.30695637074185034,0.081,150640783050.0,245629715559.0,1315262.0,3781309.0,954210.0,2944329.0
0,memseq8,1,122.342972,31.964582999999998,254.5,118.91525,21.5,,nan,41872748762.0,31200779340.0,1756238.0,335225876.0,949574.0,174207636.0
0,memseq8,2,121.975998,31.690872000000002,254.0,118.598,21.0,,nan,41884168077.0,31245285553.0,1908812.0,334133364.0,838478.0,173636086.0
0,memseq8,3,122.004791,31.732329999999994,253.5,118.64625000000001,21.0,,nan,41997061517.0,31231279970.0,1908889.0,335467224.0,811953.0,174371919.0
0,memseq8,4,121.882645,31.659681,253.0,118.407,21.0,,nan,41861431510.0,31182713398.0,1863800.0,333892632.0,805905.0,173461199.0
0,memseq8,5,121.973099,31.765550000000005,252.0,118.60249999999999,21.5,,nan,41870325353.0,31226308771.0,2080049.0,334169889.0,786601.0,173666419.0
0,memseq8,6,121.824112,31.776506999999988,252.25,118.35125000000001,21.5,,nan,41853631328.0,31182078101.0,1844458.0,333727082.0,789724.0,173364426.0
0,memseq8,7,121.849777,31.618774000000013,252.75,118.3765,21.5,,nan,41844286670.0,31168920185.0,1805445.0,333652787.0,751001.0,173296474.0
0,memseq8,8,121.765045,31.680345000000003,252.75,118.35325,21.25,,nan,41856127662.0,31226872925.0,1995364.0,333886963.0,749302.0,173504504.0
0,memseq8,9,121.834381,31.74395699999999,255.0,118.43925,21.25,,nan,41848810916.0,31186791629.0,1948772.0,333900672.0,811370.0,173511660.0
0,memseq8,10,121.647079,31.52555899999999,254.25,118.368,21.25,,nan,41846481450.0,31175229259.0,1880150.0,333717020.0,796275.0,173372398.0
0,memseq8,11,121.978653,32.018859000000006,252.0,118.424,21.0,,nan,41915503675.0,31278623079.0,2470187.0,334931538.0,1011869.0,174414143.0
0,memseq8,12,121.909424,31.86950700000001,254.0,118.71625,21.0,,nan,41876301347.0,31218073262.0,2065704.0,334227633.0,859306.0,173741228.0
0,memseq8,13,121.882782,32.024398,255.0,118.56775,21.0,,nan,41997444958.0,31237383320.0,2229086.0,335551171.0,919410.0,174575577.0
0,memseq8,14,121.910172,32.05673199999999,254.0,118.5355,21.0,,nan,41880394123.0,31235881623.0,2157289.0,334407175.0,935891.0,173906219.0
0,memseq8,15,121.934021,31.935180999999996,256.0,118.49074999999999,21.0,,nan,41870932959.0,31236258489.0,2129508.0,334313120.0,911813.0,173842352.0
0,matrix32,1,247.266266,179.23733699999997,386.0,241.16924999999998,0.0,0.5230849899035,0.203,211407848294.0,123279202506.0,2104057.0,6148916.0,1391953.0,4924004.0
0,matrix32,2,247.122681,178.88720600000005,388.0,240.82125,0.75,0.6822707627860054,0.205,211200874588.0,123494583618.0,2734271.0,8851781.0,1906617.0,7286511.0
0,matrix32,3,246.496674,178.33274499999996,390.0,240.4075,0.0,0.4908531009954575,0.200,211356102955.0,123241076864.0,2191195.0,6156079.0,1319175.0,4933124.0
0,matrix32,4,246.660492,178.31355600000006,387.0,240.5355,0.5,0.4681877203672628,0.202,211131056917.0,123095596371.0,2079162.0,5820271.0,1234618.0,4633312.0
0,matrix32,5,246.735886,178.33473000000004,387.5,240.547,0.0,0.44346897184955936,0.199,211046265083.0,122960439919.0,1881889.0,5493506.0,1204497.0,4334653.0
0,matrix32,6,246.949387,178.359054,388.0,240.70925,0.0,0.45150987623951316,0.203,211466692316.0,123204139901.0,1932249.0,5510341.0,1218020.0,4357529.0
0,matrix32,7,247.078201,178.40922599999996,387.25,240.91025,0.5,0.4571823717972964,0.201,210996512547.0,122947989628.0,1945837.0,5623056.0,1238509.0,4450731.0
0,matrix32,8,247.273453,178.41802899999996,387.75,241.0495,0.25,0.45120949306905606,0.201,211547982059.0,123258723833.0,1938987.0,5542016.0,1234905.0,4383867.0
0,matrix32,9,247.433655,178.43275199999997,387.5,241.22875,0.25,0.49241747442027073,0.201,211527719363.0,123305833692.0,2123395.0,6082990.0,1329345.0,4809780.0
0,matrix32,10,247.48053,178.51187199999998,386.5,241.3055,0.0,0.4534656263137286,0.201,211049007465.0,122952344668.0,1923012.0,5488516.0,1217784.0,4347789.0
0,matrix32,11,247.681793,178.48831199999992,387.0,241.50275,0.25,0.4604149216902665,0.200,211610591003.0,123359793188.0,2048644.0,5688794.0,1253618.0,4552278.0
0,matrix32,12,247.750275,178.52882599999998,386.0,241.599,0.25,0.44710102012117714,0.202,211418887559.0,123170700092.0,1871252.0,5407333.0,1236956.0,4297414.0
0,matrix32,13,247.832489,178.53756700000002,386.0,241.65575,0.0,0.45048384689078225,0.199,211057868959.0,123015173508.0,2058983.0,5762552.0,1230409.0,4554739.0
0,matrix32,14,248.032791,178.55829099999994,388.25,241.79874999999998,0.5,0.46649768265295466,0.201,211480201199.0,123210435059.0,1919406.0,5496323.0,1226703.0,4350491.0
0,matrix32,15,248.150208,178.557815,390.0,241.91725,0.0,0.44278218411949716,0.199,211165772667.0,123030649641.0,1901339.0,5500107.0,1204935.0,4343321.0
0,idle,1,99.682846,10.788393,232.0,96.71825,2.75,0.28097967918749706,,826318012.0,420724346.0,1078685.0,2723400.0,887689.0,2160999.0
0,idle,2,99.435287,10.765426,229.75,96.43025,0.0,0.26047537532468845,,847341098.0,498764106.0,1267379.0,3044923.0,747952.0,2379098.0
0,idle,3,99.096237,10.217101999999999,229.75,96.3205,0.75,0.2243856280473943,,823669780.0,407021877.0,985852.0,2526317.0,732868.0,1950470.0
0,idle,4,99.734818,11.113924000000003,227.75,96.6815,0.0,0.3044856541621354,,892852323.0,519387111.0,1350999.0,3656137.0,843696.0,2818140.0
0,idle,5,99.426743,11.002458000000003,230.0,96.56575000000001,0.0,0.29104440965462375,,879864753.0,479805315.0,1235381.0,3396328.0,875992.0,2626946.0
0,idle,6,99.235641,10.865601,229.5,96.363,0.75,0.2606738400848456,,843740515.0,464209538.0,1154408.0,3043532.0,757219.0,2354077.0
0,idle,7,99.012482,10.600755,227.5,96.298,0.25,0.2465090971041967,,844984148.0,437116111.0,1070111.0,2880904.0,742227.0,2221622.0
0,idle,8,98.946701,10.736464999999999,226.0,96.08325,0.25,0.26584173918320975,,855154963.0,485743558.0,1218073.0,3155571.0,760678.0,2437074.0
0,idle,9,98.887802,10.483063,226.0,96.1965,1.25,0.24634413554278284,,836472799.0,441200839.0,1073963.0,2840032.0,730957.0,2198562.0
0,idle,10,98.952316,10.709746,225.5,96.031,0.25,0.26050614223035706,,841829294.0,444874636.0,1141187.0,3060599.0,755606.0,2344842.0
0,idle,11,98.690552,10.536071999999999,224.0,95.98975,0.0,0.2451740107195902,,832725590.0,429787125.0,1059289.0,2797447.0,721524.0,2154666.0
0,idle,12,98.655914,10.539534999999999,223.5,95.84325,0.5,0.24670844582640028,,836659575.0,437076174.0,1090354.0,2881631.0,716490.0,2205528.0
0,idle,13,98.774048,10.665056000000002,224.25,95.74375,0.0,0.2643570794014808,,848798093.0,475914786.0,1245093.0,3119869.0,736775.0,2384987.0
0,idle,14,98.80455,10.822434999999999,225.0,95.763,0.0,0.25938695652022664,,842607288.0,460358905.0,1165973.0,3028640.0,737869.0,2324543.0
0,idle,15,99.184509,11.002395,225.0,96.21575,0.25,0.2818259030485409,,859705312.0,520754456.0,1350902.0,3373232.0,753925.0,2603277.0
0,memrand4,1,106.119568,16.795911999999998,234.25,103.2195,5.75,,nan,4539057391.0,15825148831.0,30704422.0,62254776.0,15284193.0,76012211.0
0,memrand4,2,105.507294,16.765321000000004,235.5,102.36825,5.0,,nan,4559502373.0,15848723552.0,30822281.0,62609704.0,15393279.0,76319392.0
0,memrand4,3,104.96109,16.538240000000002,236.75,101.78450000000001,4.75,,nan,4639689745.0,15819813008.0,30630021.0,63092978.0,15136687.0,76194652.0
0,memrand4,4,104.55687,16.448517000000006,234.75,101.62425,5.25,,nan,4525967360.0,15799791786.0,30629375.0,62054149.0,15216779.0,75816074.0
0,memrand4,5,104.411102,16.410659000000003,234.75,101.4,5.5,,nan,4540890607.0,15802897568.0,30658192.0,62113414.0,15264221.0,75881428.0
0,memrand4,6,104.273041,16.362042999999996,234.0,101.2165,5.25,,nan,4524795593.0,15800693941.0,30605558.0,61963469.0,15218438.0,75745447.0
0,memrand4,7,104.264099,16.497649000000003,233.5,101.09875,5.5,,nan,4530101265.0,15809595320.0,30728883.0,62117982.0,15182705.0,75830081.0
0,memrand4,8,104.137711,16.378556,234.5,101.15625,5.0,,nan,4528581262.0,15840825862.0,30746228.0,62021305.0,15175016.0,75838145.0
0,memrand4,9,104.443146,16.830199,235.0,101.32475,5.5,,nan,4551890783.0,15851832536.0,30821907.0,62594602.0,15207352.0,76199604.0
0,memrand4,10,104.430603,16.892502999999998,233.0,101.399,5.0,,nan,4538660150.0,15835343208.0,30746251.0,62359668.0,15148732.0,75988515.0
0,memrand4,11,104.40683,16.998031000000005,231.0,101.5075,5.0,,nan,4538089217.0,15846146744.0,30730585.0,62368619.0,15167669.0,76030348.0
0,memrand4,12,104.407776,16.879654,232.0,101.5215,5.25,,nan,4540889548.0,15839055450.0,30780553.0,62493170.0,15249852.0,76148493.0
0,memrand4,13,104.297714,16.770812999999997,235.0,101.3785,5.0,,nan,4645428553.0,15823607363.0,30642412.0,63240040.0,15167121.0,76310319.0
0,memrand4,14,104.164185,16.703675,234.75,101.17775,5.0,,nan,4545904098.0,15882620180.0,30897856.0,62587535.0,15231292.0,76227763.0
0,memrand4,15,104.310577,16.881351,233.5,101.299,5.25,,nan,4555620547.0,15907026196.0,30959568.0,62812514.0,15268259.0,76412449.0
0,memseq32,1,191.661179,94.320926,338.0,186.14724999999999,86.5,85.4682299262446,84.253,168849989719.0,127074146214.0,8245897.0,1336893229.0,4398829.0,697778613.0
0,memseq32,2,189.405243,92.26329400000002,342.0,185.5275,87.75,84.59877726155537,83.894,166284669239.0,124657564770.0,6202453.0,1336268126.0,2902318.0,695051923.0
0,memseq32,3,189.115906,91.92382899999998,340.0,184.414,88.0,84.87976783087375,84.518,164942561437.0,123294601860.0,5077206.0,1330865501.0,1785733.0,690835144.0
0,memseq32,4,189.086487,91.88438199999999,339.0,184.226,88.5,84.64402952430896,84.188,165146256475.0,123863620149.0,5370544.0,1330863782.0,2141650.0,691163551.0
0,memseq32,5,191.076569,93.663803,339.0,185.54575,88.0,85.19038469611152,84.027,168279996762.0,126729668961.0,8603901.0,1331067686.0,4242513.0,694782303.0
0,memseq32,6,190.420792,92.84958,341.0,186.2955,88.5,84.96349174214062,84.114,166518748711.0,124928129073.0,7186717.0,1333515395.0,3414052.0,694417298.0
0,memseq32,7,189.396866,91.968429,339.5,184.59,88.25,84.62563325763337,84.205,164586802430.0,123388684301.0,5185264.0,1326293396.0,1700494.0,688232240.0
0,memseq32,8,189.490417,91.97735799999997,339.75,184.69400000000002,87.25,84.56201505414418,84.216,164679664100.0,123386603658.0,4892183.0,1325804894.0,1606262.0,687709339.0
0,memseq32,9,189.675201,92.04838699999998,339.25,184.80849999999998,88.75,84.6278970995266,84.209,164997711400.0,123632220798.0,5056557.0,1330014361.0,1835892.0,690230303.0
0,memseq32,10,190.712524,92.95976200000001,339.75,185.91325,87.5,84.79646654825427,84.111,166736408931.0,124702811966.0,6464425.0,1327103936.0,2828118.0,690394369.0
0,memseq32,11,189.777939,92.23031399999999,339.25,184.98075,88.25,84.57304452248896,84.211,164975535993.0,123642487623.0,4930290.0,1329773492.0,1669036.0,689857768.0
0,memseq32,12,189.806473,92.26309100000003,340.5,184.9625,88.0,84.56266353875519,84.217,164589123610.0,123275173983.0,4743396.0,1325596050.0,1671120.0,687572716.0
0,memseq32,13,190.092911,92.49267300000001,341.0,185.213,87.0,84.8730631471081,84.515,165318967635.0,123566062079.0,5196281.0,1334285455.0,1729058.0,692572240.0
0,memseq32,14,189.931885,92.29954300000001,340.0,185.1505,88.0,84.55293022540825,84.222,164581979822.0,123247521105.0,4646252.0,1325435668.0,1667530.0,687456736.0
0,memseq32,15,190.011154,92.338774,339.5,185.1735,87.5,84.54914510607767,84.221,164966777913.0,123522963509.0,4623001.0,1329396566.0,1652887.0,689468864.0
