rep,work_us,core_total_J,dur_s,pp_cpu_naive_J,pp_cpu_runtime_s,pp_cpu_n,pp_cpu_instr,pp_cpu_cycles,pp_cpu_dram,pp_cpu_zero_dE_frac,pp_mem_naive_J,pp_mem_runtime_s,pp_mem_n,pp_mem_instr,pp_mem_cycles,pp_mem_dram,pp_mem_zero_dE_frac
0,20000,20.519088745117188,7.990478197000001,10.946701049804688,3.987513247,611,13994707327,15151193672,83534,0.2864157119476268,9.55657958984375,4.002539971,612,3609311995,15211034852,361237944,0.2957516339869281
0,1000,20.540756225585938,7.999640953,10.103530883789062,3.995002747,3976,13969584721,15178637696,77060,0.004275653923541248,10.437225341796875,4.004231283,3977,3623905116,15218390235,357495122,0.004274578828262509
0,200,20.756790161132812,7.999953163000001,10.418670654296875,3.99142156,19196,13802118770,15157643231,79235,0.7892269222754741,10.338119506835938,4.008195023,19190,3774176957,15240815172,347545214,0.794372068785826
0,50,21.431381225585938,8.000012833,10.602767944335938,3.989150977,70339,13535931854,15153976121,78084,0.9436585677931162,10.82861328125,4.010582583,70336,4319040740,15244994665,319195201,0.9427178116469518
1,20000,20.447830200195312,7.989869517000001,10.974700927734375,4.003796098,611,14052257298,15213716719,83031,0.32896890343698854,9.473129272460938,3.985846729,603,3568587002,15146906029,358158686,0.3333333333333333
1,1000,20.518142700195312,7.9996717020000006,10.1094970703125,3.994998965,3965,13970658840,15178807285,84428,0.0015132408575031526,10.408645629882812,4.004477695,3970,3610514805,15219194700,356794176,0.0025188916876574307
1,200,20.778091430664062,7.999862502999999,10.331619262695312,3.991865393,19198,13807999268,15159917992,81122,0.7911240754245233,10.44647216796875,4.007766641,19199,3772458651,15238667448,347273587,0.7924891921454242
1,50,21.405258178710938,8.000001473000001,10.619781494140625,3.990754683,70170,13507528409,15160208299,92348,0.9433803619780533,10.772109985351562,4.008815719,70171,4309809859,15238094902,318144704,0.9427826310014108
2,20000,20.455841064453125,7.9860109480000006,10.972549438476562,3.999951816,608,14037241500,15198937194,85728,0.33223684210526316,9.483291625976562,3.985710321,609,3564246572,15146544338,357907413,0.33004926108374383
2,1000,20.533340454101562,7.999510013,10.127395629882812,3.994353213,3967,13966266689,15176427467,81002,0.002268716914544996,10.40594482421875,4.004781501,3980,3627302993,15220207784,357611987,0.005527638190954774
2,200,20.733551025390625,7.999935923,10.0748291015625,3.991528631,19197,13804910543,15159173836,80507,0.79580142730635,10.658721923828125,4.008128182,19201,3768752893,15239469694,347031974,0.7878756314775273
2,50,21.340927124023438,8.000029708000001,10.600799560546875,3.9896136,70291,13531597013,15155862814,78307,0.9434066950249677,10.740127563476562,4.010142499,70302,4322427500,15243170701,318885768,0.9428750248926062
3,20000,20.443252563476562,7.990423281,10.963592529296875,4.003717728,614,14050081660,15213240043,85548,0.3257328990228013,9.479660034179688,3.986286884,610,3575090353,15148739992,358496005,0.3295081967213115
3,1000,20.533004760742188,7.999535046999999,10.122268676757812,3.994822415,3975,13969712730,15178516698,82258,0.004025157232704402,10.410736083984375,4.004328263,3972,3620703733,15218168744,357152054,0.003272910372608258
3,200,20.783432006835938,7.999663967,10.44696044921875,3.991982904,19201,13808673666,15162725745,78498,0.7889693245143482,10.336471557617188,4.007389103,19206,3770845709,15234855855,347283651,0.7948037071748412
3,50,21.405502319335938,7.999967348000001,10.747604370117188,3.990537041,70196,13509261122,15159224579,80095,0.9427317795885806,10.65789794921875,4.009015707,70192,4308833994,15239007956,318372284,0.9434123546842945
4,20000,20.44854736328125,7.990072152000001,10.965179443359375,4.003757097,613,14053433294,15213497756,83453,0.3262642740619902,9.483367919921875,3.985993755,604,3578110173,15147534185,358594860,0.33278145695364236
4,1000,20.554092407226562,7.998470578,10.13531494140625,3.99443695,3969,13966156515,15176375446,74846,0.002771478961955152,10.418777465820312,4.003665688,3978,3615831343,15216369365,356857615,0.005279034690799397
4,200,20.7481689453125,7.999936198,10.336944580078125,3.991985991,19195,13808658976,15160479024,71229,0.7907267517582703,10.411224365234375,4.007774078,19197,3770513711,15238563834,347241594,0.7928843048392978
4,50,21.419342041015625,7.999967456999999,10.693511962890625,3.990991549,70261,13526504880,15161611086,66866,0.9431121105592007,10.725830078125,4.008664137,70259,4314595788,15237003946,318710057,0.9431104911826242
