rep,loaded,cpu2_W,cpu34_W,cpu3_W,cpu35_W,cpu2_aperf,cpu34_aperf
0,2,2.665899620126161,2.6653570002952844,0.24584614130571592,0.24577002269173798,19020498496,22442401
0,34,2.7313661202185795,2.7313447418107715,0.23884876274962288,0.23874806445490057,2574728,19019484006
0,2+34,3.7178100818403323,3.717054091657017,0.23754154549646417,0.23731598711460283,19020547982,19020486378
0,none,0.20898917801332906,0.20897998719679295,0.21355921163573355,0.21340676396144972,3205111,1610334
1,2,2.664641942967563,2.664696685028566,0.2293868169928947,0.22934406224452042,19020328736,2163703
1,34,2.662809827538019,2.6633004812441827,0.22222877048693984,0.22228970264507497,2387713,19021389286
1,2+34,3.714576897518857,3.713830073319835,0.20918509851965778,0.2090144757625778,19019911700,19020178451
1,none,0.20652302255594931,0.20646188720047423,0.2131046631292072,0.21294922748685538,2480899,1763662
2,2,2.6637330253912377,2.6632085781586206,0.22165058028837603,0.22165058028837603,19020154965,4752384
2,34,2.6658898156935216,2.6659813196144047,0.22647719894111182,0.22632176214974278,2235304,19020348867
2,2+34,3.7148867596462725,3.7148959498550242,0.22202605344266219,0.22191936710628493,19020317548,19020517731
2,none,0.20513434200298034,0.20500648190749682,0.2638135352297516,0.2631916157340638,2357433,1198242
3,2,2.6726310260830513,2.6731065020134808,0.21833235407933374,0.21831097764044466,19021067139,1619729
3,34,2.6645904732450347,2.66510872244978,0.21551195389539995,0.2155790825510647,2839502,19020420526
3,2+34,3.7226751969262937,3.7219162398240515,0.22058022360366575,0.22051929127510986,19021272112,19021449369
3,none,0.20485203906198332,0.20482766378339087,0.2133150558703363,0.21329068059174383,2544690,1408552
4,2,2.6859435117776527,2.6854314790075553,0.2260038329538537,0.2259369070943209,19021243751,1804695
4,34,2.6793638439300413,2.679924612840709,0.21876320389034185,0.21881814206292238,2624700,19021635654
4,2+34,3.7436136306743117,3.7435740732934333,0.21218279425746703,0.21217380394363114,19020618690,19020792436
4,none,0.2119945699893018,0.21187869779633065,0.2695177219526862,0.26887143480740744,2555889,2874974
