rep,n,dur_s,events,efs_uncore_W,true_uncore_W,pkg_W,sumcore_W,ratio
0,0,5.999996857,1407547,62.804153280582135,120238.01714219271,120249.5735294719,11.556387279206806,0.0005223319110985534
0,1,5.999998618,1356918,158.8106165150883,21933.178165447083,21947.699060617088,14.520895170004259,0.007240656840387779
0,8,5.999990237,1349859,932.4360315924363,98390.80708107036,98422.72669630236,31.919615231990953,0.009476861296850056
0,32,5.999998807,1136558,4275.909032973194,11022.96476700952,11093.073543054788,70.10877604526763,0.38790916267559006
0,64,5.999998157,717203,9454.255383585334,21950.455465287592,22042.329384702858,91.87391941526704,0.4307088478658803
1,0,5.999991782,1395675,57.368054445880134,76549.92518326904,76559.80608415202,9.88090088298719,0.0007494201242984187
1,1,5.999993141,1353793,155.98629790655238,65626.32605688293,65639.22858831561,12.902531432686558,0.002376886034597581
1,8,5.999990492,1347167,927.2357909538883,21933.05508891772,21964.48312740884,31.428038491116038,0.0422757243436825
1,32,5.999998291,1137402,4546.864845920611,96.86014518339907,171.00376167957666,74.1436164961776,46.94257723144422
1,64,6.000032692,714021,9651.494322828441,21949.973556817975,22041.95223503914,91.97867822116616,0.4397041435082071
2,0,5.999991033,1404816,57.47267093522442,54705.044759212185,54715.12207784125,10.077318629074828,0.0010505917907241303
2,1,5.999992293,1359223,160.3912023196999,54703.95788370932,54717.03775483985,13.07987113052155,0.0029319853356984233
2,8,5.999999613,1353059,588.7555413113209,43791.9168997943,43812.60904743021,20.692147635913052,0.013444388439504152
2,32,5.999998173,1150466,4494.84282731815,65634.02546600916,65707.29736942398,73.27190341481021,0.06848342449521033
2,64,5.999989443,715548,9562.773407324159,110.09937330562208,196.29638877949216,86.19701547387008,86.85583868655726
3,0,5.99999364,1405560,56.38871893138452,43784.567494201765,43792.68625687667,8.118762674898854,0.0012878674418527
3,1,5.99998573,1360687,156.52739813288977,21936.726596065862,21949.14115857116,12.414562505297253,0.007135403609441047
3,8,6.000028549,1357133,516.2649283724319,32866.87417983246,32887.51220673502,20.638026902553587,0.015707758685771785
3,32,5.999987259,1133876,4369.641425133111,21945.86122046485,22016.931012494835,71.06979202998463,0.19911004545396255
3,64,5.999994499,713202,9090.286026436255,11037.389534322941,11119.764345361236,82.3748110382955,0.8235902156183053
4,0,5.999995332,1404775,58.5510226238219,21940.379783747143,21947.987292920996,7.60750917385047,0.002668642165765743
4,1,5.999991642,1359719,157.08308675700678,91.35149393150473,103.7592260592256,12.407732127720854,1.7195458989952317
4,8,5.999992052,1344940,569.8091934262228,54714.29541928406,54733.20903890211,18.913619618043537,0.01041426539553671
4,32,5.999993761,1137067,4449.651912357806,98.95467239506476,171.44844335348995,72.49377095842519,44.966567062069586
4,64,5.999993111,714873,9260.261789448748,106.64675686801046,197.031084582271,90.38432771426055,86.83116169120412
