workload,cfg,n,elapsed_s,elapsed_s_rel,pkg_J,pkg_J_rel,bmc_J,bmc_J_rel,bmc_dyn_J,bmc_dyn_J_rel,pkg_dyn_J,pkg_dyn_J_rel,cv_bmc_J,bmc_sig,pkg_sig,krps
burn,default@3000,2,12.1 ± 0.0,+26.7%,1189.2 ± 5.8,+9.1%,2679.8 ± 2.6,+17.0%,103.8 ± 3.3,-35.2%,136.6 ± 6.0,-18.9%,0.1%,yes,yes,
burn,spread_ccx@3800,2,9.5 ± 0.0,-0.0%,1092.2 ± 9.4,+0.2%,2287.8 ± 2.8,-0.1%,158.2 ± 2.4,-1.3%,170.9 ± 9.5,+1.5%,0.1%,no,no,
burn,pack_ccx@3800,2,9.5 ± 0.0,-0.1%,1084.4 ± 0.1,-0.5%,2295.2 ± 10.7,+0.2%,166.6 ± 10.5,+3.9%,163.5 ± 0.0,-2.9%,0.5%,no,yes,
burn,default@3800,2,9.5 ± 0.0,+0.0%,1089.9 ± 0.6,+0.0%,2290.2 ± 5.4,+0.0%,160.3 ± 5.0,+0.0%,168.5 ± 0.4,+0.0%,0.2%,no,no,
burn,default@2200,2,16.5 ± 0.0,+72.9%,1492.8 ± 14.0,+37.0%,3501.8 ± 8.7,+52.9%,84.1 ± 11.1,-47.5%,99.3 ± 15.0,-41.0%,0.2%,yes,yes,
burn,default@1500,2,24.2 ± 0.0,+154.3%,2046.3 ± 3.9,+87.8%,4990.1 ± 1.9,+117.9%,112.2 ± 3.2,-30.0%,44.4 ± 6.0,-73.6%,0.0%,yes,yes,
burn,pack_smt@3800,2,14.3 ± 0.0,+49.9%,1550.7 ± 2.2,+42.3%,3370.0 ± 12.9,+47.1%,178.2 ± 12.4,+11.2%,169.9 ± 2.0,+0.8%,0.4%,yes,yes,
mem,default@3800,1,4.9 ± nan,+0.0%,600.5 ± nan,+0.0%,1294.4 ± nan,+0.0%,198.5 ± nan,+0.0%,126.3 ± nan,+0.0%,nan%,no,no,
mem,default@2200,1,6.0 ± nan,+22.5%,587.2 ± nan,-2.2%,1380.1 ± nan,+6.6%,134.7 ± nan,-32.1%,79.4 ± nan,-37.1%,nan%,no,no,
mem,spread_ccx@3800,1,4.7 ± nan,-5.0%,578.1 ± nan,-3.7%,1209.1 ± nan,-6.6%,168.0 ± nan,-15.4%,127.7 ± nan,+1.1%,nan%,no,no,
mem,pack_smt@3800,2,8.6 ± 0.0,+74.6%,930.2 ± 5.4,+54.9%,2057.8 ± 7.8,+59.0%,144.5 ± 11.3,-27.2%,102.4 ± 3.9,-18.9%,0.4%,no,no,
mem,default@1500,2,7.3 ± 0.0,+48.1%,657.2 ± 0.4,+9.4%,1612.7 ± 9.5,+24.6%,150.8 ± 8.1,-24.0%,57.2 ± 1.0,-54.7%,0.6%,no,no,
mem,pack_ccx@3800,2,5.7 ± 0.0,+16.5%,669.6 ± 5.9,+11.5%,1431.1 ± 14.5,+10.6%,153.8 ± 14.6,-22.5%,117.1 ± 6.0,-7.3%,1.0%,no,no,
mem,default@3000,2,5.3 ± 0.0,+7.2%,547.7 ± 4.5,-8.8%,1253.5 ± 3.9,-3.2%,132.2 ± 4.9,-33.4%,89.5 ± 4.1,-29.2%,0.3%,no,no,
redis,pack_ccx@3800,2,6.8 ± 0.0,+3.9%,739.3 ± 24.5,+8.2%,1584.5 ± 9.3,+4.8%,69.7 ± 9.4,+29.8%,84.0 ± 24.6,+60.8%,0.6%,yes,yes,2561 ± 1
redis,pack_smt@3800,1,6.3 ± nan,-3.8%,684.9 ± nan,+0.3%,1463.6 ± nan,-3.2%,60.6 ± nan,+12.8%,77.9 ± nan,+49.1%,nan%,no,no,2784 ± nan
redis,default@3000,2,8.0 ± 0.0,+23.2%,744.5 ± 7.6,+9.0%,1748.0 ± 1.8,+15.6%,32.5 ± 2.1,-39.4%,43.5 ± 7.5,-16.8%,0.1%,yes,yes,2139 ± 0
redis,default@1500,2,15.3 ± 0.0,+135.1%,1275.8 ± 3.8,+86.8%,3144.7 ± 1.0,+108.0%,57.2 ± 0.4,+6.6%,8.8 ± 4.1,-83.2%,0.0%,yes,yes,1084 ± 1
redis,spread_ccx@3800,2,7.3 ± 0.0,+11.6%,770.8 ± 1.8,+12.8%,1695.7 ± 3.9,+12.2%,68.6 ± 3.9,+27.7%,66.9 ± 1.8,+28.1%,0.2%,yes,yes,2370 ± 0
redis,default@2200,2,10.5 ± 0.0,+61.7%,913.0 ± 0.8,+33.7%,2221.5 ± 1.2,+46.9%,33.9 ± 2.7,-36.8%,21.1 ± 0.2,-59.7%,0.1%,yes,yes,1601 ± 1
redis,default@3800,2,6.5 ± 0.0,+0.0%,683.1 ± 1.9,+0.0%,1512.0 ± 0.9,+0.0%,53.7 ± 0.4,+0.0%,52.2 ± 1.7,+0.0%,0.1%,no,no,2682 ± 1
