rep,counter,load,n_updates,median_ms,p5_ms,p95_ms,max_ms
0,core,idle,2000,1.000083,0.994363,1.005464,1.008234
0,core,burn,2000,0.999903,0.994713,1.005333,1.008624
0,pkg,idle,2000,1.000104,0.994533,1.005423,1.007794
0,pkg,burn,2000,0.999994,0.994624,1.005334,1.008144
1,core,idle,2000,1.000008,0.994668,1.005317,1.008358
1,core,burn,2000,1.000037,0.994767,1.005028,1.010507
1,pkg,idle,2000,0.999998,0.994647,1.005268,1.007717
1,pkg,burn,2000,0.999968,0.994467,1.005407,1.008437
2,core,idle,2000,1.000018,0.994718,1.005277,1.008018
2,core,burn,2000,0.999987,0.994787,1.005287,1.008267
2,pkg,idle,2000,1.000018,0.994537,1.005357,1.008238
2,pkg,burn,2000,0.999998,0.994548,1.005077,1.008848
3,core,idle,2000,1.000127,0.994538,1.005187,1.008287
3,core,burn,2000,1.000048,0.994438,1.005527,1.008998
3,pkg,idle,2000,1.000027,0.994578,1.005298,1.008448
3,pkg,burn,2000,1.000097,0.994417,1.005178,1.008317
4,core,idle,2000,1.000038,0.994518,1.005538,1.008108
4,core,burn,2000,1.000057,0.994317,1.005157,1.008727
4,pkg,idle,2000,1.000047,0.994718,1.005388,1.008208
4,pkg,burn,2000,1.000142,0.994572,1.005432,1.009672
