rep,neighbors,core0_W,core0_mhz,core0_iters_s,pkg_W,mean_nbr_W
0,0,2.7198763929188146,3799.999643717418,315.53,97.7525900481682,nan
0,3,2.6844980745023013,3799.9996357289338,315.683,104.44776849209498,2.679292046831274
0,7,2.6593199381401726,3800.000497862293,315.615,113.17888055289592,2.633552399013818
0,15,2.6401409437966383,3799.999855314321,315.565,130.4423014870593,2.6762304055566783
0,31,2.6072558077895374,3800.000136685804,315.369,165.55633309447765,2.6506204633995254
1,0,2.6728203297644617,3800.0000555800125,315.658,97.56881264581595,nan
1,3,2.6699617437192136,3799.9994280093824,315.7,104.55443803158467,2.664272804897852
1,7,2.6662577169216455,3799.9994490954796,315.613,113.87420341789642,2.6702664122509776
1,15,2.743946144292274,3800.0003121358027,315.552,131.60258323593754,2.7023574996975457
1,31,2.628547168633327,3799.9943748674127,315.373,167.73801785602797,2.682327569967662
2,0,2.7076249535701344,3799.9996757757212,315.64,98.18580503934905,nan
2,3,2.698942520575697,3799.999859482761,315.713,104.87609979291945,2.703368053208506
2,7,2.6756371629008973,3799.9999474183214,315.635,113.86076606890181,2.6724198732039994
2,15,2.70330560087538,3799.9998741974546,315.556,131.62747825994296,2.7134057011238113
2,31,2.600550494977633,3800.0002594637444,315.359,167.50412213582862,2.6888028556537584
3,0,2.708574682557919,3800.0005137923254,315.649,98.45690063971281,nan
3,3,2.706452232680088,3799.999859343835,315.705,105.3481661994924,2.704382580759879
3,7,2.74508144820413,3799.999807126609,313.18,114.16552574080262,2.671782833458314
3,15,2.6677463180082115,3800.0003324431304,315.629,131.76207956365525,2.7084961578974824
3,31,2.610010213280061,3799.9997763200004,315.395,168.06572530439203,2.6865129628370212
4,0,2.7092607894531353,3799.9995437419075,315.68,98.43705774259818,nan
4,3,2.7050892426354807,3799.9990769372425,315.769,105.08806789519373,2.7001583080188123
4,7,2.6709915469208165,3800.000576625742,315.534,114.00111765383599,2.6716712819547297
4,15,2.67861702937091,3799.999831650085,315.592,131.89258742087705,2.71131695735229
4,31,2.651526995713793,3799.9999550454077,315.473,167.7772988685165,2.6871755517494393
