rep,workload,placement,mhz,elapsed_s,pkg_J,bmc_J,bmc_meanW,perf,idle_pkg_W,idle_bmc_W,pkg_above_idle_J,bmc_above_idle_J
0,idle,-,3800,10.0,990.3766859208214,2249.512195121951,224.9512195121951,,99.03766859208214,224.9512195121951,,
0,redis,pack_ccx,3800,6.771318399999473,756.6766789999998,1591.0179911998762,234.96428571428572,2561192.12,99.03766859208214,224.9512195121951,86.06109136938414,67.80165941462906
0,redis,pack_smt,3800,6.272073684000134,684.8615560000001,1463.564270801108,233.34615384615384,2783632.38,99.03766859208214,224.9512195121951,63.690001098875086,52.65364671493171
0,mem,default,3800,4.899395643999924,600.471635,1294.4203291447798,264.2,,99.03766859208214,224.9512195121951,115.24691290804469,192.2953041542603
0,idle,default,2200,10.000351787,854.213794,2081.0732068746997,208.1,,99.03766859208214,224.9512195121951,-136.19773208514232,-168.5181231619099
0,mem,default,2200,6.00049052400027,587.203538,1380.112820520062,230.0,,99.03766859208214,224.9512195121951,-7.071053905868098,30.295159474830598
0,mem,spread_ccx,3800,4.654012200999205,578.1206210000001,1209.0633802174775,259.7894736842105,,99.03766859208214,224.9512195121951,117.19810301393414,162.13765997807104
0,redis,default,3000,8.032597315999737,749.866594,1746.7247981701248,217.45454545454547,2138331.12,99.03766859208214,224.9512195121951,-45.66311691563055,-60.2177639144013
0,burn,default,3000,12.058317380000517,1193.286241,2681.622132446237,222.3877551020408,,99.03766859208214,224.9512195121951,-0.9413994586354875,-30.9110674499766
